item_id,by,rating,blurb,url
010afc9e-131e-44b0-b400-10feff11e4c5,Mark Cuban,,,
103385e9-f789-40e6-b561-0e162b58e5fb,Mark Cuban,,,
43ad3ec5-2d4e-4792-b360-cfb980898278,Mark Cuban,,,
d02d148a-762a-4ba2-9713-30a497d7964d,Mark Cuban,,,
be549b9b-436b-460e-972f-ca80672524ba,Mark Cuban,,,
ffe297bc-e636-46d1-b2ff-2d14f40f1741,Mark Cuban,,,
ed42d0d5-2e85-4166-a547-d9af8b29adc7,Mark Cuban,,,
ef977413-8afb-4f23-8538-ef08bc3f7add,Steve Jobs,,,
a62682ab-2a94-4380-8f60-e950c8e98d68,Steve Jobs,,,
a5200867-4f36-4a72-919b-aacec459184b,Steve Jobs,,,
d77e0d34-6d7a-427b-ae5a-50c79ee54128,Steve Jobs,,,
1fa6e67a-90ca-4081-880a-8e972bc901cd,Steve Jobs,,,
d02d148a-762a-4ba2-9713-30a497d7964d,Steve Jobs,,,
d012f32f-27e2-4f21-8478-0531c1b8b789,Steve Jobs,,,
a4631bf4-a5cd-4389-b9af-4f990176507a,Steve Jobs,,,
6530e1b0-0812-4d45-8f18-8d13dfd808dd,Steve Jobs,,,
7c63bf71-64a8-41a0-bded-96e3de749def,Steve Jobs,,,
49c35a34-481e-4dfb-a0db-ad2a7fea8251,Steve Jobs,,,
a5200867-4f36-4a72-919b-aacec459184b,Kevin Rose,,,
5d319959-6d6b-43ec-8570-f597be3dfe56,Kevin Rose,,,
8419bfaa-98ab-4d23-ade8-39df1b531d86,Kevin Rose,,,
7c172383-0e85-42b1-9f96-a8b32fb8b995,Kevin Rose,,,
82079d0e-b99a-46af-8672-b5830247fb3f,Kevin Rose,,,
fbf178a5-7f08-45e6-b4f3-d8339447bcb3,Reid Hoffman,,,
52e0563e-87f3-4b15-b747-6f4c1b7629f7,Reid Hoffman,,,
0d8e6351-98ba-4173-b721-0007aad0fa31,Reid Hoffman,,,
cfbcbc8f-4c6b-4024-bcb1-35aea05d50fe,Reid Hoffman,,,
81ef71a9-2f27-4bc5-97b9-32b2175a983a,Reid Hoffman,,,
02f8f6c3-a182-42bc-9577-36fc94365db1,Reid Hoffman,,,
c9d3e246-0e7c-4519-8912-4a2f16f840fd,Reid Hoffman,,,
0d44ad3d-71f6-4384-b5a5-1bf44002c103,Reid Hoffman,,,
67d8aa14-87ea-400f-ac40-9303d689e1a7,Reid Hoffman,,,
7cbf42e1-9b0e-499d-94b4-4ef97d99d5e4,Reid Hoffman,,,
603b7947-b2d2-417f-bdb1-a42478390bfc,Reid Hoffman,,,
62bb9a5a-f4d3-49df-b1bd-e6eb61489a66,Reid Hoffman,,,
d345e057-1398-47d6-9231-1defb2986d37,Travis Kalanick,,,
d010be32-84d8-4c91-8819-d0772e439f3c,Travis Kalanick,,,
ed42d0d5-2e85-4166-a547-d9af8b29adc7,Travis Kalanick,,,
b77ec904-31e6-41d9-b0cb-d3647cb92307,Kevin Systrom,,,
25aa50f8-f132-4c41-aaeb-0ef2de952775,Kevin Systrom,,,
5fcf1273-e88a-44a6-94da-89d186fbe86b,Kevin Systrom,,,
4cff29ec-6899-419d-8784-3f9f1356ad42,Kevin Systrom,,,
010afc9e-131e-44b0-b400-10feff11e4c5,Kevin Systrom,,,
33d3f7e5-beb8-4629-beff-69aae02f17e0,Kevin Systrom,,,
17ccf443-c9ea-4d9a-a2a7-47f3c074d278,Kevin Systrom,,,
027e088e-d795-4866-89ff-fa134c4a12d4,Kevin Systrom,,,
c66818bb-3287-4b86-a422-2ec3c4c76afe,Kevin Systrom,,,
c65f7945-49b1-4a68-aaf1-baa73798e315,Daniel Ek,,,
fa89b19a-2244-4003-8531-ad8babf3712f,Daniel Ek,,,
390e9067-87e0-45a7-a585-8560fb7fb690,Daniel Ek,,,
ccd2e254-b3d3-4f5a-ad72-294a519a9f8f,Daniel Ek,,,
9277f555-ea44-46ba-ac1a-f2188d7907de,Daniel Ek,,,
551da0a7-c838-4dc6-8c45-7332345408b5,Daniel Ek,,,
f2c2d204-bcd1-4f82-bc75-96022823971e,Daniel Ek,,,
ef6462a0-3586-4816-afb5-a854cb7290b7,Daniel Ek,,,
fbe151a7-5174-4e1d-945f-c454551dea16,Daniel Ek,,,
86b846f7-74e9-4ae7-a47a-5f937409c49d,Daniel Ek,,,
fa89b19a-2244-4003-8531-ad8babf3712f,Ashton Kutcher,,,
e9ef3d59-06ad-4177-887e-68a3924aa46a,Ashton Kutcher,,,
dc1e6408-0b0d-4349-b4a6-8823cfe687db,Ashton Kutcher,,,
941f1188-71c0-46be-a992-93ebe6b77c03,Ashton Kutcher,,,
77bb5390-1a3c-468d-85e4-5eb5a7ff0242,Ashton Kutcher,,,
2aa16326-58e5-400c-8de8-5b30afaa5e68,Ashton Kutcher,,,
793ffe63-0843-47d5-89dc-8c3d20df8448,Ashton Kutcher,,,
6294a05b-14ba-4337-859b-4ee79bd1f1ee,Austen Allred,,,
ca1cdd43-e822-43d7-8ea7-c5745cffc7a5,Austen Allred,,,
90c29ee2-0bc3-4007-aaf6-581e98c40198,Austen Allred,,,
c3cfaefb-3ea6-4c30-aacc-68564bb51f6a,Austen Allred,,,
30e5805c-5da5-493f-9856-cab959406ccc,Austen Allred,,,
3e9c1368-308b-4455-99b3-64ec4c3f36a3,Austen Allred,,,
df3dc2a8-c999-495a-acd1-5adfa01b0c93,Austen Allred,,,
f792dabe-89ea-4b27-818d-344b81f2e8a5,Austen Allred,,,
22bf4e65-1552-4688-84a4-31b98d83208d,Austen Allred,,,
42ac7baa-d886-4edc-8410-5949922bf248,Austen Allred,,,
7536b315-3f3c-4fa0-b82c-4e3d605a2310,Austen Allred,,,
7e780d77-f735-47a4-9d26-46669d22a4dc,Austen Allred,,,
03417c9e-36b2-42a1-848b-a97ada5e6579,Austen Allred,,,
f6e8b84a-8f05-4f21-8a80-d6dc97f0be04,Austen Allred,,,
edc49aaf-2bff-4660-9699-198a66a774b2,Austen Allred,,,
4b2f4141-3f91-4324-86c0-fc3af2a86ef7,Austen Allred,,,
94f37637-7296-4b06-b803-9b8ef921ed6e,Austen Allred,,,
cf99dff7-0502-4630-8144-729c8d3110f6,Austen Allred,,,
c57d4761-fca9-448b-a875-57b15118486b,Austen Allred,,,
5414a623-148e-4142-b9cd-a4b78494d656,Austen Allred,,,
627dd2f3-1e6e-4553-b587-4485eb38d50a,Austen Allred,,,
8e588d18-20dc-4dec-8945-8d8f943963bd,Austen Allred,,,
28e337c8-e800-4dba-a2c4-cc3f2809d675,Austen Allred,,,
25136c93-38a0-4378-a132-78395e3c0465,Austen Allred,,,
b74ad765-8242-4530-8d06-f16f51830cbc,Austen Allred,,,
702f9394-30e6-43c0-b077-1177a7e913d7,Austen Allred,,,
012bb9c3-3a79-499d-96fa-a409b45b8cd9,Austen Allred,,,
1bb436d9-4fb7-4abb-b617-c20c943dda66,Austen Allred,,,
80f9542b-4cae-4df6-bb27-eef96f5939f8,Austen Allred,,,
f6e78767-4c33-44db-b8f2-711c57a34f57,Austen Allred,,,
30df6a6f-9f81-4783-ba46-bcf0c967a2a0,Austen Allred,,,
66a87233-4d06-43cd-a0a1-3626ebe6fe3d,Austen Allred,,,
61fda7b5-8a57-45d7-96aa-72046b7970eb,Austen Allred,,,
fbf39c7a-038e-467b-89e0-4303fc4be23d,Austen Allred,,,
23023767-e908-4263-9163-041ce462dc3f,Sheryl Sandberg,,,
88be493c-1935-48dc-92cc-3fd3e12a948f,Sheryl Sandberg,,,
92ef016a-1515-4389-9738-5ea561de37de,Sheryl Sandberg,,,
dd42fb71-ed8d-4c38-b36e-cec50be3ae30,Sheryl Sandberg,,,
a516c47c-351f-433d-a1e9-5c60217f2040,Sheryl Sandberg,,,
48a13827-0c65-4247-9727-c554839e4351,Sheryl Sandberg,,,
91e08b99-4b22-47f7-b878-9f9f03e724c7,Sheryl Sandberg,,,
0f89c161-46d8-4aaf-970d-abfa80fba659,Sheryl Sandberg,,,
1d23c32d-ddd6-466b-b32d-f75287fa2290,Sheryl Sandberg,,,
08bc6a15-9986-4989-93c9-92b2338db979,Satya Nadella,,,
5330e3bc-a5e0-4cea-ad10-6fe8ca83a863,Satya Nadella,,,
192c6e3b-f972-4b85-99da-380be17d16ea,Satya Nadella,,,
4c446bf0-c561-4694-a1e2-2cacae907a87,Satya Nadella,,,
0de6d2be-463f-4df6-89ed-5a415704a24b,Satya Nadella,,,
9ccf2f0a-dc35-45d0-b700-efac7ee5a248,Satya Nadella,,,
a6ca3eed-d386-4f7e-a223-29d1ea1fbf8d,Satya Nadella,,,
caff54c2-2ba4-4895-bf39-08517b315d28,Satya Nadella,,,
4cff29ec-6899-419d-8784-3f9f1356ad42,Satya Nadella,,,
77acce13-cffd-4907-81f7-f34895e21c12,Satya Nadella,,,
7c20a9b1-d12f-4d11-9a74-461ebc9d7d95,Satya Nadella,,,
430186b8-15eb-4e6d-ad08-3fa25264b9ca,Satya Nadella,,,
6134d385-9b06-4178-beb5-d5978c7b158c,Satya Nadella,,,
b8751ee8-d979-498e-8a7b-c21594d04d52,Satya Nadella,,,
6aad9649-5af8-4bc3-8a19-d0cd2943faf7,Satya Nadella,,,
55907645-107a-4af4-afbb-32a658325d0d,Satya Nadella,,,
57d0b12d-84ad-4c25-876b-c238cf3a46f4,Satya Nadella,,,
702f9394-30e6-43c0-b077-1177a7e913d7,Satya Nadella,,,
e36373c5-9c3b-41cf-be58-63f2dcfa9d7b,Satya Nadella,,,
5d261a7e-ed52-4376-934b-35c2f9a0b39a,Satya Nadella,,,
0ae377d1-4932-48e6-8bd1-b87f5669429e,Satya Nadella,,,
45d959b7-430f-47fe-84fa-92db16aed1a0,Indra Nooyi,,,
a0ba2b9b-7e70-43b9-8bd7-e3c7821349ee,Indra Nooyi,,,
74af9e3e-a1c5-43d4-9fb3-2273be3189ab,Indra Nooyi,,,
a96064a8-059f-433d-9fdc-baa9d3bece40,Indra Nooyi,,,
4c446bf0-c561-4694-a1e2-2cacae907a87,Indra Nooyi,,,
571ebbb6-c063-4093-bb88-a970d9ad7147,Indra Nooyi,,,
77acce13-cffd-4907-81f7-f34895e21c12,Indra Nooyi,,,
34038415-bd1c-4168-8df0-0f09ccbe1665,Indra Nooyi,,,
6577c3ff-c770-40b0-801e-d451d86b351c,Indra Nooyi,,,
430186b8-15eb-4e6d-ad08-3fa25264b9ca,Indra Nooyi,,,
768dfe94-f1a9-4c37-972c-30e842fed49e,Indra Nooyi,,,
57e0fffe-ed99-402f-a2b2-ce82dca2fd7c,Indra Nooyi,,,
1607243d-76fc-4958-aa18-2f8d41500524,Indra Nooyi,,,
d90bef27-b630-408a-94a4-cd6d81b8de82,Indra Nooyi,,,
64e6f812-9a3f-45a0-ae60-715e2061c67b,Indra Nooyi,,,
96ee5969-c8b8-40e1-9343-2852c2202776,Indra Nooyi,,,
734e9868-4ca9-4581-a554-103acec73bc2,Arianna Huffington,,,
f56fa1dd-8791-4c56-93b1-ecda51f1c372,Arianna Huffington,,,
342f4b8b-b3a1-4aa8-b317-c1eec2e24bb7,Arianna Huffington,,,
c5fb74cc-bbab-446d-bddf-a3325dcc8a06,Arianna Huffington,,,
606b1268-4acc-4098-a50a-598fd8cfcce3,Arianna Huffington,,,
475e3a3e-f926-4b8c-aeb7-953b0f145369,Arianna Huffington,,,
be9d14e1-bd7b-41b8-b01d-1aeff8495cba,Arianna Huffington,,,
74b477e9-7bc4-4749-a58e-09906a304c66,Arianna Huffington,,,
a284f644-33b7-45c3-b374-0cdf8439ee99,Arianna Huffington,,,
797e760d-9180-4fee-96dd-c74ba3c095e0,Arianna Huffington,,,
9b4a9bd5-6beb-4544-bb1b-b4e1fa45559d,Arianna Huffington,,,
6d124504-b1b9-4b5b-b743-845f9714af9d,Arianna Huffington,,,
5fa0bfb9-a825-4d07-aad6-9b0ed3e81ed9,Arianna Huffington,,,
12aa435e-19e0-4530-8935-99d9c526f812,Arianna Huffington,,,
8bcffbcb-c4e4-4e8e-99f7-453f7608118e,Arianna Huffington,,,
3e9c1368-308b-4455-99b3-64ec4c3f36a3,Marissa Mayer,,,
5e59b146-2656-4a7b-b653-728bb818c72b,Marissa Mayer,,,
7282a684-7922-411d-9f81-b8088d088574,Daymond John,,,
04ca0391-1b40-4ec9-b8c8-6cb0b9a62a6f,Daymond John,,,
73f96885-da26-4a3b-b2e9-82478991c4e6,Daymond John,,,
8a468f32-da98-4963-ad88-9b24b71e7c8a,Daymond John,,,
f7f3477b-8b1f-4ad2-8f8e-6f2998165db6,Daymond John,,,
592c955d-1f4d-4ddc-9ec7-bb0cc150f457,Daymond John,,,
d99c53ae-ee92-42b4-8eb3-6b1159b64f64,Daymond John,,,
ba516a98-bf0f-4d8a-ab4d-bb374d5594ad,Daymond John,,,
13adfb8a-c86f-455c-904c-81b12c844548,Eric Schmidt,,,
a8238cf1-3dc7-4a62-be43-cc9033079ef5,Eric Schmidt,,,
84bf1955-22c5-4e8c-86cc-009ea07ad62b,Eric Schmidt,,,
0da6cff5-1749-4fdd-9c12-e1a979962eb8,Eric Schmidt,,,
bf4e8b5b-d0a8-4172-b0e2-7b84bb5683a4,Eric Schmidt,,,
0d0b3de4-8384-4e6d-a978-e6fde18627d2,Eric Schmidt,,,
8b8c6377-7f1f-476c-83f9-7bbfc7644290,Eric Schmidt,,,
3c60c5ff-827e-48ea-8688-97a7d69ea93a,Eric Schmidt,,,
8c3f0456-1a1c-408b-94ad-65827005ee0c,Eric Schmidt,,,
80a00bd5-7101-405f-a493-72de40343c50,Eric Schmidt,,,
5330e3bc-a5e0-4cea-ad10-6fe8ca83a863,Martha Stewart,,,
af4db135-23af-4773-9c09-3483b43c1e05,Martha Stewart,,,
ec81d3c5-613a-43fa-a730-887176b3de33,Martha Stewart,,,
6656c379-561d-43db-9e6e-645f3f5b4f8a,Martha Stewart,,,
55be1568-6e18-4d6e-b52d-b6a20ad1787e,Martha Stewart,,,
d042f0a1-249e-4fb5-9179-f113e5da64cd,Martha Stewart,,,
a1ad68d2-bb89-452a-97cc-d4f6fcb1b8c3,Martha Stewart,,,
4a8509c8-b834-41a2-9bf9-711d7d7590d9,Tim Cook,,,
f88bd5fc-21c3-45b4-87d6-35e92e7cbe16,Tim Cook,,,
2336cd78-3696-48ba-b191-45fd30c7858b,Tim Cook,,,
7f1ec292-7dc7-468e-9276-3c8886ad7d76,Tim Cook,,,
88e55a0f-4f43-4683-88b8-91c560a76e65,Tim Cook,,,
43ec6742-4306-47db-8939-d697e501e74d,Tim Cook,,,
c736e247-9a43-43bb-9839-da90e8316b98,Peter Thiel,,,
726ec004-d86b-4e01-9c36-9c44446b6bb9,Peter Thiel,,,
6b420e72-ad4f-4a38-900e-10ac28ea3868,Peter Thiel,,,
4c446bf0-c561-4694-a1e2-2cacae907a87,Peter Thiel,,,
10996b1c-23ec-44cb-90a9-360068bcb409,Peter Thiel,,,
cd8377e5-7010-416c-bd7c-201518525428,Peter Thiel,,,
f7a7c270-5315-453f-be0f-02a3f45e08c8,Peter Thiel,,,
1d250c4c-e6e7-45b6-9467-35a760fc39c5,Peter Thiel,,,
1f5a2c45-6539-4b6c-a4ec-2fc91c2b0f66,Peter Thiel,,,
4d53e36f-cffa-4d8f-9125-17bc12056e17,Peter Thiel,,,
78ff0b8a-2ac1-4d44-b71a-f9399b46dcc4,Peter Thiel,,,
824e33f0-2f98-4b72-be39-1c032aee549f,Peter Thiel,,,
2d156558-256b-431d-a6bc-07b8d38f70e4,Sam Altman,,,
7e780d77-f735-47a4-9d26-46669d22a4dc,Sam Altman,,,
3d647737-2898-4f2b-a1de-d9c14643b60f,Sam Altman,,,
d2491d0a-8887-4eee-b491-6a0e5a3c7d7f,Sam Altman,,,
5e88564d-4db3-4c8a-8f41-0a59f4b09d19,Sam Altman,,,
702f9394-30e6-43c0-b077-1177a7e913d7,Sam Altman,,,
e73560be-3c89-4154-9026-d828b7807069,Sam Altman,,,
5322253e-f42b-44f7-80ef-554c31843c25,Sam Altman,,,
f4bb6020-5ff6-4593-97c3-6fd17aa28b86,Sam Altman,,,
356800e2-db41-4838-ac06-47e985741a18,Sam Altman,,,
cf972c3b-3c5d-413f-be81-d508f844985e,Sam Altman,,,
c65f7945-49b1-4a68-aaf1-baa73798e315,Warren Buffett,,,
5d319959-6d6b-43ec-8570-f597be3dfe56,Warren Buffett,,,
7374db28-646b-4f4d-9847-3c49159e83a5,Warren Buffett,,,
90282213-f5f4-448b-8051-9ea4336c3b5c,Warren Buffett,,,
0a7c1103-50b8-4cc2-a752-8a1d5891c632,Warren Buffett,,,
8d90c6d1-79f2-4cb3-8ef0-507cce646964,Warren Buffett,,,
9dac4a7d-32c8-4eb6-b868-f72d77685957,Warren Buffett,,,
1607243d-76fc-4958-aa18-2f8d41500524,Warren Buffett,,,
9926a92c-2bc0-41f5-997d-029be0ef5e8d,Warren Buffett,,,
f590f590-96bc-4be5-a6b1-91d8c0fd7640,Warren Buffett,,,
e3ef1341-5b24-40a9-b849-f3d3aee11681,Marc Andreessen,,,
851c9967-6bf0-45a2-8458-0d6e361d589e,Marc Andreessen,,,
a78f5f31-c7cc-4fd8-9098-8233f1a41cb5,Marc Andreessen,,,
779ff5e3-fb4d-40de-a7c0-11804973653b,Marc Andreessen,,,
1811b634-23d7-4b84-9d73-3c0e68884e46,Marc Andreessen,,,
77acce13-cffd-4907-81f7-f34895e21c12,Marc Andreessen,,,
a09a7cba-291a-4ea3-82a0-c6c81c1f847b,Marc Andreessen,,,
7488364f-3428-496e-acae-fb369737872e,Marc Andreessen,,,
947cb597-9d2d-4c37-b6f0-cc76934b83b2,Marc Andreessen,,,
18bfce22-398e-44d5-9692-442e8cd3c505,Marc Andreessen,,,
d17d6c3a-2d16-4ca1-852e-f9485dc5d394,Marc Andreessen,,,
e481bf03-2b73-467b-92c7-9c3cc122c92b,Marc Andreessen,,,
51771a23-e95e-46d6-927e-359fa86cf83e,Marc Andreessen,,,
6a1eb751-65a8-4b31-8627-8e056714ed3c,Marc Andreessen,,,
1687920a-636a-4ce7-91e3-a569ca37c2f6,Marc Andreessen,,,
e7ca8fd7-594e-44f9-8b86-52b19beb506f,Marc Andreessen,,,
73206f7d-db60-43ca-a1cc-0c26efa72753,Marc Andreessen,,,
e76116a0-c612-45d1-81bf-3ee6d404c427,Ben Horowitz,,,
f4afeee8-c538-4b88-87a6-fbc84ec5a8a2,Ben Horowitz,,,
d02d148a-762a-4ba2-9713-30a497d7964d,Ben Horowitz,,,
d012f32f-27e2-4f21-8478-0531c1b8b789,Ben Horowitz,,,
5558c1c2-b596-4e2e-8d29-bf7e0ee88b78,Ben Horowitz,,,
1cd7c7f1-3b33-4848-b0b5-179f951bbb92,Bill Ackman,,,
ee10fe6e-6631-4fb2-a653-81983949ad47,Bill Ackman,,,
0d21cab7-f016-4064-85b6-a26ae2384f09,Bill Ackman,,,
5d319959-6d6b-43ec-8570-f597be3dfe56,Bill Ackman,,,
c5f4676a-bb7d-4ad0-8f67-eb44a4703c18,Bill Ackman,,,
40e8e749-eaa0-4b0e-9c15-aeae3146d1a5,Bill Ackman,,,
b39a70dc-a632-4b61-b917-8d076f6a59fb,Bill Ackman,,,
d9e043cb-fd69-4945-94a5-ad81240cf7d1,Bill Ackman,,,
3275491d-df4c-4282-98cd-e0fe827f825b,Bill Ackman,,,
ced77524-1ce6-4bf7-a525-edddfeab49c5,Bill Ackman,,,
92e5414c-ba43-4efd-bb86-810f34ff9366,Bill Ackman,,,
06ed6bae-bff7-4fff-9c6a-86c9400fc53f,Charlie Munger,,,
d265b221-9850-4d4d-ba57-4aeecc51e2e1,Charlie Munger,,,
a0ba2b9b-7e70-43b9-8bd7-e3c7821349ee,Charlie Munger,,,
d2991ba3-1807-48fd-80ed-05b2584398cb,Charlie Munger,,,
fdda5bba-3484-45f1-be44-d8341a4d95ce,Charlie Munger,,,
c1e9e4d1-3fd2-49f7-aa4f-e7ceb68735ba,Charlie Munger,,,
45af05fb-982f-4fc2-8753-3ade598857a3,Charlie Munger,,,
cbffee86-86d8-44bb-b789-630e5d5b19cd,Charlie Munger,,,
f7a7c270-5315-453f-be0f-02a3f45e08c8,Charlie Munger,,,
d8bf65c3-226a-405e-8755-0178f639b60c,Charlie Munger,,,
b998b1c3-f582-46df-9bd2-e8acffe698c2,Charlie Munger,,,
44721967-a1f2-4b9e-bd66-fef35dcfff9d,Charlie Munger,,,
7e780d77-f735-47a4-9d26-46669d22a4dc,Charlie Munger,,,
772e6ed6-7f94-4eac-99d8-c08fba7ef1b0,Charlie Munger,,,
653f2ea7-6e1e-4690-9be5-722c06457391,Charlie Munger,,,
ef8595b1-f67f-4f89-b23a-4b11afe2e1e0,Charlie Munger,,,
26c1203f-4cf9-4f17-94c7-f40d0fe01748,Charlie Munger,,,
bf9ca365-8268-4e37-883f-23c5ea21a756,Charlie Munger,,,
39d78167-09ce-43f3-b175-fea28bc7b82c,Charlie Munger,,,
c1e5f2e3-39b3-4762-9e61-922a88ddc4b9,Charlie Munger,,,
551da0a7-c838-4dc6-8c45-7332345408b5,Charlie Munger,,,
33f50d33-af1e-493e-b974-d2784f463af9,Charlie Munger,,,
3a53a40b-b8fb-4d4b-aaba-d0fa3ce2fd73,Charlie Munger,,,
11c91103-6790-4ce9-835b-33b7fb047d47,Charlie Munger,,,
68578949-5772-4efb-b664-dc83b650678f,Charlie Munger,,,
a7465442-fb86-4046-bc02-c7b8f7deb6fc,Charlie Munger,,,
ed0cd2ce-5619-4ac5-82f2-3e623c632847,Charlie Munger,,,
2aff8a55-7bc7-48c8-b812-e09321214c0e,Charlie Munger,,,
fd6a03f5-50d7-49e3-a9b5-b9f129958124,Charlie Munger,,,
b3f90261-5b6f-46b6-b5fe-549d9ae0be10,Charlie Munger,,,
b4ccc829-f16a-4a9f-a158-e1ae9ad6a3d0,Charlie Munger,,,
98d0a019-9ac6-46a3-a6c5-a8c6d0a57a94,Charlie Munger,,,
76f3080d-b0cd-461d-91c9-9d3566466613,Charlie Munger,,,
57d6fcce-f4e9-4393-9fea-4fd62d2c38cb,Charlie Munger,,,
3a5fc43c-9c08-429a-a553-5520a8961b57,Charlie Munger,,,
58277e6e-7b16-45e8-8580-fe7a5ef3695e,Charlie Munger,,,
5f189ac0-7344-40d2-aa64-093ce47dc126,Charlie Munger,,,
ee541acc-89e2-4392-9292-792602417952,Charlie Munger,,,
b66e1f09-9c4f-4c7d-b733-91a424dd714e,Charlie Munger,,,
c65f7945-49b1-4a68-aaf1-baa73798e315,Whitney Tilson,,,
0d21cab7-f016-4064-85b6-a26ae2384f09,Whitney Tilson,,,
5d319959-6d6b-43ec-8570-f597be3dfe56,Whitney Tilson,,,
c5f4676a-bb7d-4ad0-8f67-eb44a4703c18,Whitney Tilson,,,
f7a7c270-5315-453f-be0f-02a3f45e08c8,Whitney Tilson,,,
c6b920b1-5b3f-400a-906b-21b2fa9de406,Whitney Tilson,,,
c65f7945-49b1-4a68-aaf1-baa73798e315,Naval Ravikant,,,
fa89b19a-2244-4003-8531-ad8babf3712f,Naval Ravikant,,,
b589a91a-9ad2-4774-9cb0-4eed0c35ccb5,Naval Ravikant,,,
28d692eb-50b7-436b-8f88-422d02d5178f,Naval Ravikant,,,
7942c19e-6264-4773-b92e-badf07f4bd70,Naval Ravikant,,,
6b420e72-ad4f-4a38-900e-10ac28ea3868,Naval Ravikant,,,
6c26c567-06a9-4efd-aa4c-78f14b8ad208,Naval Ravikant,,,
5d319959-6d6b-43ec-8570-f597be3dfe56,Naval Ravikant,,,
cd8377e5-7010-416c-bd7c-201518525428,Naval Ravikant,,,
e60d3275-8cd4-4501-907e-5605323839b9,Naval Ravikant,,,
5fcf1273-e88a-44a6-94da-89d186fbe86b,Naval Ravikant,,,
4c20d341-0cbf-4f0b-8a44-595854e1fbc8,Naval Ravikant,,,
fa388805-b515-40f6-b3a0-49013460e55b,Naval Ravikant,,,
66f837fd-e03a-4b51-8837-492dc1407ee3,Naval Ravikant,,,
410091d2-6f33-46e9-b2e4-7994d411848b,Naval Ravikant,,,
39d78167-09ce-43f3-b175-fea28bc7b82c,Naval Ravikant,,,
c9d3e246-0e7c-4519-8912-4a2f16f840fd,Naval Ravikant,,,
bc97ec5e-e39c-4da8-827f-74845f0b242c,Naval Ravikant,,,
78fd0b60-b41d-4274-b355-611e9186d757,Naval Ravikant,,,
e481bf03-2b73-467b-92c7-9c3cc122c92b,Naval Ravikant,,,
4b2f4141-3f91-4324-86c0-fc3af2a86ef7,Naval Ravikant,,,
6a1eb751-65a8-4b31-8627-8e056714ed3c,Naval Ravikant,,,
4ddc4e41-00ea-4880-9789-a57a312381f9,Naval Ravikant,,,
ea4a24b7-994a-45f1-aeb8-0d85faaae2b5,Naval Ravikant,,,
1a162e9b-6749-43a1-bf48-e20e9273385a,Naval Ravikant,,,
6a1f313f-f5a7-4985-a801-dc721c79faa1,Naval Ravikant,,,
3c7bedb4-8aa2-4241-a6d4-647d16096595,Naval Ravikant,,,
b63c06b4-4b21-4c7a-a3a4-af9566676612,Naval Ravikant,,,
d41a3322-5984-4797-ad81-eed864889696,Naval Ravikant,,,
c95ee3e8-a99c-4aab-9b11-9f3509b7eb4d,Naval Ravikant,,,
d2991ba3-1807-48fd-80ed-05b2584398cb,Naval Ravikant,,,
c71e1a96-ba6b-4fe4-a9ea-35efb91d24d0,Naval Ravikant,,,
bb6f985f-d31a-426a-996a-30d52e9c6d27,Naval Ravikant,,,
3b235a55-48f1-4871-b2a1-ee2ec5def96f,Naval Ravikant,,,
0b535e06-2612-4faa-b38b-e3f8889de682,Naval Ravikant,,,
604dbd35-74b9-4db9-ab51-edbd8022ce05,Naval Ravikant,,,
a89306dd-7681-4300-a670-88d65ad7eab9,Naval Ravikant,,,
7ab33039-eab1-4e52-87bd-6f72ce254fe6,Naval Ravikant,,,
7260a142-10cd-4102-b368-6ac18b110671,Naval Ravikant,,,
c20a4617-1fee-49ae-bd7a-6c20f2f87fbe,Naval Ravikant,,,
4a11fba6-5a67-4b34-b71b-6b5b3eb2219a,Naval Ravikant,,,
12424c4d-c065-42ba-ba25-c88dea45e472,Naval Ravikant,,,
96883dd5-2172-484d-9e96-dd675877413b,Naval Ravikant,,,
55a25254-c530-4ea8-b0dc-d340722d68f0,Naval Ravikant,,,
7149436b-06ee-41a8-87c4-d120cbd4bd05,Naval Ravikant,,,
17acdd17-3a7d-4c1e-9402-e44c436213c8,Naval Ravikant,,,
36c002ba-bffb-4729-8357-09f8cdcfc937,Naval Ravikant,,,
34b69788-885a-4d33-a2a0-d4388012131f,Naval Ravikant,,,
5f07b0e3-3cac-4a19-95b3-ef75ebd43388,Naval Ravikant,,,
23cbb448-0d49-4140-bf61-43435064d0c3,Naval Ravikant,,,
ee4dcb31-b792-4c37-afd9-fe394a3fb97a,Naval Ravikant,,,
2dea9177-57db-4fad-83a2-31e4f24be9de,Naval Ravikant,,,
7d9ead8f-9b55-4f07-8bc7-6aec174a9956,Naval Ravikant,,,
b5e7a8bf-44e4-449b-b615-18bec5c393c7,Naval Ravikant,,,
ab4783b7-412a-43a7-af42-3b982060d4fd,Naval Ravikant,,,
21461e71-0f97-48a4-8748-fa9a1ff23062,Naval Ravikant,,,
4369d39a-0bb8-4c21-b8f0-57c5108ad41d,Naval Ravikant,,,
1f6a5eb2-5f60-4359-826c-6f7f42cace5a,Naval Ravikant,,,
26f6be37-3376-4cc6-a816-ce1b85080dfd,Naval Ravikant,,,
de08c363-37c2-4a41-8899-15de628009fa,Naval Ravikant,,,
344fdff0-1203-4dba-8160-ce4d2f4db977,Naval Ravikant,,,
31f7ba99-d262-4c85-b260-bb63820697c1,Naval Ravikant,,,
d64c3834-3161-491f-82d0-59ba291f677d,Naval Ravikant,,,
e78df793-0ee8-45e4-b9a4-9ac94d76538a,Naval Ravikant,,,
80d2ba67-0acf-4308-aa85-95abe6df1fd0,Ray Dalio,,,
fa89b19a-2244-4003-8531-ad8babf3712f,Ray Dalio,,,
454d8ea0-dbab-478a-b6d3-336ef41b79cd,Ray Dalio,,,
c4e8fa25-7bdd-4c35-a725-62ae3328b078,Ray Dalio,,,
5fcf1273-e88a-44a6-94da-89d186fbe86b,Ray Dalio,,,
77acce13-cffd-4907-81f7-f34895e21c12,Ray Dalio,,,
7536b315-3f3c-4fa0-b82c-4e3d605a2310,Ray Dalio,,,
7e780d77-f735-47a4-9d26-46669d22a4dc,Ray Dalio,,,
7144e1fd-4b0c-4281-892c-c903cfcf3d08,Ray Dalio,,,
5dbd1058-8a20-482a-a48f-c4ebbb13c7aa,Ray Dalio,,,
edc49aaf-2bff-4660-9699-198a66a774b2,Ray Dalio,,,
e5ed3bc0-a086-4761-9d5b-eb808aaeb68d,Ray Dalio,,,
ce62fbf3-8c68-48fd-a84d-b06f55ca5c32,Ray Dalio,,,
9dfea5f6-8336-4310-bc83-1e4eaf7cb04b,Ray Dalio,,,
473e5a52-597f-43fb-9097-54010d75e267,Ray Dalio,,,
1930a530-3a0d-4b4c-a9c2-2f4976fc28dd,Ray Dalio,,,
4af938fc-47c4-41d7-81cf-a41bd80685a4,Ray Dalio,,,
4863db15-93ca-45e1-bf9c-cb854d3deb0c,Ray Dalio,,,
8791764d-e1ba-4e03-8826-0424c38f85a4,Ray Dalio,,,
82a8f66a-6509-4550-9723-677157e169de,Ray Dalio,,,
269f08f9-2ad8-4ae3-8e34-4794b0dab36e,Ray Dalio,,,
1c818e06-75e5-401e-aad5-2b0d20155ec0,Ray Dalio,,,
d28281eb-400e-4ee0-89ef-182e8a959137,Ray Dalio,,,
b6730be8-1a83-473e-99b0-b7e684eec361,Ray Dalio,,,
edc85dc8-d57f-41d2-817e-552f359f1084,Ray Dalio,,,
fa9e0a11-7670-4188-915c-77eeb5a16e93,Ray Dalio,,,
d13b9b45-ca80-4898-9fa4-d2ae89012cac,Ray Dalio,,,
308db5ff-16d7-4685-bae1-0ca75ff1d44b,Ray Dalio,,,
9ee48b3d-4c01-419b-ae87-c654a7c431be,Ray Dalio,,,
ecd368fb-a128-4dcd-a244-7f9ad2ed4772,Ray Dalio,,,
db79cf98-48d4-488b-b742-de5ef787cb9c,Ray Dalio,,,
843ca42d-bbab-4983-a39e-88191f9218a8,Ray Dalio,,,
77a28d6b-3b33-4497-8b95-4644c3b9041c,Ray Dalio,,,
7a79fbbf-ff2e-4f20-9395-5324e5e5c24c,Ray Dalio,,,
414147e2-e997-46a8-93ce-95a0da564f1b,Ray Dalio,,,
f3d08b2d-de93-47aa-89c7-836ccd006f84,Paul Graham,,,
26e30490-df72-46ec-8071-92b8b892aea8,Paul Graham,,,
77b9aa19-c865-45f7-bd01-722400e1bfd5,Paul Graham,,,
bba7b86c-0ebb-4b98-9332-9d9699e8d0c7,Paul Graham,,,
fa89b19a-2244-4003-8531-ad8babf3712f,Keith Rabois,,,
abcc17c8-a2a1-45da-90c0-26be271d74e7,Keith Rabois,,,
d600f7d2-12e2-49f6-92f4-0b80ae99960c,Keith Rabois,,,
4c446bf0-c561-4694-a1e2-2cacae907a87,Keith Rabois,,,
a0a7af3c-2b22-457f-9d05-52e4afb57841,Keith Rabois,,,
880146d9-26ed-432e-9da4-16582026c465,Keith Rabois,,,
30e5805c-5da5-493f-9856-cab959406ccc,Keith Rabois,,,
903382dd-536e-458b-82ec-9aa301a2c30d,Keith Rabois,,,
dc280e06-96ab-458c-ab65-379fcc1227f7,Keith Rabois,,,
cfbcbc8f-4c6b-4024-bcb1-35aea05d50fe,Keith Rabois,,,
67122fe4-f759-4917-987b-e2801f92cdf2,Keith Rabois,,,
0387b2a1-04ea-47b7-92c1-34c1bcebcefb,Keith Rabois,,,
1edd368e-4dd6-4f0e-9b54-fa10e62f50f9,Keith Rabois,,,
a18d2dec-9de4-480a-8e76-4d5dd132f353,Keith Rabois,,,
a7921893-3034-49c8-8a6e-6ccf45ca8892,Keith Rabois,,,
03417c9e-36b2-42a1-848b-a97ada5e6579,Keith Rabois,,,
0d0b3de4-8384-4e6d-a978-e6fde18627d2,Keith Rabois,,,
fc3dec42-1a9b-4aff-8f90-ce1b2f8a1b1e,Keith Rabois,,,
346bd9e8-139a-46db-a487-c6225ad295f6,Keith Rabois,,,
de8451d0-3613-41ff-87bb-e3bb0327c547,Keith Rabois,,,
ef30a1ca-c670-44f3-b468-9097095020e2,Keith Rabois,,,
db7b720b-df21-4dad-b7c0-52f78f70c035,Keith Rabois,,,
c2071d22-942d-4071-a937-397208ffadc3,Keith Rabois,,,
601cad92-cb9c-4023-9b14-8341db58a63f,Keith Rabois,,,
57ac7ca8-9313-4840-8fde-e1a78c899646,Keith Rabois,,,
c8660973-505d-429b-8444-9e5cd3317ede,Keith Rabois,,,
4f34c2d9-5c99-4a8c-87bf-f4a5178815d7,Keith Rabois,,,
e8224104-0d9e-4fe7-8e9f-fc1277a1a69c,Keith Rabois,,,
bc23ffc5-9498-4692-9b54-e068108f8bc3,Keith Rabois,,,
8ca41edc-399c-450e-8346-8dce2d0705d2,Keith Rabois,,,
bfc897c0-3ce2-4b43-94d2-fc8c4f05944c,Keith Rabois,,,
3a178e96-653e-4869-a39a-540738b9e8d0,Keith Rabois,,,
8e23d76b-9f34-4926-858c-ce2a73638b32,Keith Rabois,,,
3b2f0c0b-0a29-4194-b7bd-5dd529443136,Keith Rabois,,,
f5b8f13b-c346-4070-9e20-9036657a3e9a,Keith Rabois,,,
46cf0a09-8968-40bb-a8e1-72fca6db9696,Keith Rabois,,,
5749b092-6c5d-4c5a-96e9-dfbb001f9fa0,Keith Rabois,,,
85f2bf70-ec9c-450b-b9ce-3a53b90f8a0f,Keith Rabois,,,
f5b6c224-1929-433f-8229-11c401d05984,Keith Rabois,,,
0284a19a-7255-4681-8106-049da6356390,Keith Rabois,,,
0107403f-605d-464c-b00c-b45d7ba28897,Keith Rabois,,,
f94c6056-6744-4f01-9c3f-05e903335e9c,Carl Sagan,,,
e267c3ec-538d-403e-a456-a1d726487284,Carl Sagan,,,
77e8dc18-3f90-47a2-ab83-b6a6c078237d,Carl Sagan,,,
0f575751-094f-4d49-b1f6-2dbe0ea95e7f,Carl Sagan,,,
ee99a111-89e1-4eaf-9b16-af24c2147bc7,Carl Sagan,,,
b13c449a-6780-4836-9ed5-db9cf3ad4d27,Carl Sagan,,,
eec04ea5-95ee-4b51-ac8d-926c5c794c66,Carl Sagan,,,
3a272a93-0d6f-4162-b0ea-8ccb23086213,Carl Sagan,,,
bdd2e173-f4cf-4dd8-8626-5f7e54a6bedd,Carl Sagan,,,
148da360-e033-437c-a0ee-45f862b50595,Carl Sagan,,,
a36fced2-33ff-4609-b4bf-678d5c7de961,Albert Einstein,,,
c535ab6f-199d-4e33-a2ce-e6ef1abfb12c,Albert Einstein,,,
34fc075e-9f2b-4f4c-ab6a-ffc1d3a96566,Albert Einstein,,,
90f41ec9-7a72-4d7e-8b23-64e5ae140684,Albert Einstein,,,
e5921130-769b-484b-b446-e606f85bf216,Richard Dawkins,,,
a8eaf540-685b-4425-a170-aa51d063416c,Richard Dawkins,,,
0b82aaca-3872-4e22-8caa-85d8c20e2761,Richard Dawkins,,,
8116470e-80b9-417a-8764-74356f1af49c,Richard Dawkins,,,
778bb093-35ef-4de3-a664-4364fc32711d,Richard Dawkins,,,
f7b2711a-8a9e-4488-be12-e36915691b2a,Neil deGrasse Tyson,,,
8ed52dee-1289-4bdf-81e1-6baafde80c58,Neil deGrasse Tyson,,,
78fd0b60-b41d-4274-b355-611e9186d757,Neil deGrasse Tyson,,,
b3957905-e2c4-441b-b61b-9d6261e0ad70,Neil deGrasse Tyson,,,
3d916947-35c8-4ee7-b64b-15abe44ec1bc,Neil deGrasse Tyson,,,
e3059533-cac1-4628-b2d9-bf1654bc6c24,Don Norman,,,
19ab775f-73be-4afa-ac65-b746d25c9e35,Don Norman,,,
42318d68-9e91-4173-8289-57a881b0a632,Don Norman,,,
67ee99f0-36e4-41c2-bb5c-bb6d20e4abf9,Don Norman,,,
e7638a7e-bfad-458a-8fab-f6ad99c74e36,Don Norman,,,
ae5c2abc-1ffc-44e8-b3b4-153e95bd5765,Don Norman,,,
76d901cb-f44e-44a7-b8cb-70413b5bee6a,Don Norman,,,
de787e4e-c081-4186-b660-a34cbed5066c,Jakob Nielsen,,,
fe578625-af5a-47d6-add6-875b55687236,Jakob Nielsen,,,
1ea5be85-7682-490e-b13c-5eba66063415,Jakob Nielsen,,,
7b9febed-1ffe-4220-bf19-7e46b9e0a42a,Jakob Nielsen,,,
266cc652-8d58-4537-96ec-bfba4dfffe2d,Jakob Nielsen,,,
c69f3d1f-cf1b-4f79-86f8-2aded473cbb3,Jakob Nielsen,,,
0b27558a-b395-49a7-bbec-9bfa8d5ad57f,Jakob Nielsen,,,
9bc299af-c87c-4e9f-8e93-2e403a615c9f,Steve Krug,,,
dd68ddca-b26e-4b67-8e37-673ea242a36a,Steve Krug,,,
010afc9e-131e-44b0-b400-10feff11e4c5,Steve Krug,,,
138e87bc-b805-45f2-899f-012eaa341fc7,Steve Krug,,,
965fc720-98d6-46c9-8632-ba15516d2d04,Alan Cooper,,,
4baf7236-e818-46e1-a34f-95c92dc1fcf3,Alan Cooper,,,
45d959b7-430f-47fe-84fa-92db16aed1a0,Alan Cooper,,,
d4f96c00-7b39-4caf-8338-1beb29769a5f,Alan Cooper,,,
5e29a501-35c2-416e-b3dc-d2c74d84824b,Alan Cooper,,,
e9fdf7e2-37ac-45bc-a726-9f9ce74d63d0,Alan Cooper,,,
ba03f1fb-1c1c-496a-842a-dcbb9748e678,Alan Cooper,,,
099ca355-1c7d-496e-b96a-e75b5698480b,Alan Cooper,,,
5be43934-2cd5-4bd0-beed-1769895d05b2,Alan Cooper,,,
723fefd6-3cf1-4d31-9493-2e2e30927726,Alan Cooper,,,
e497592a-5b6b-4993-a1a0-d8c89104d584,Alan Cooper,,,
a6823bb8-a40d-4ba3-a9ed-9bb488039d0d,Alan Cooper,,,
41466427-1c31-4f50-bb82-527fd845bc81,Alan Cooper,,,
99caed64-2985-4bbd-94f7-f0b043fd7c4e,Alan Cooper,,,
3b8132bd-0a64-4062-a5e3-96ad882060b3,Alan Cooper,,,
33293c20-fb26-4dc0-8fdd-09d0eaeb7f4f,Alan Cooper,,,
6e2810af-cb67-4ac5-a6a0-83a77d8208b6,Alan Cooper,,,
a9ed6552-4739-4743-b879-90e6ac228b87,Alan Cooper,,,
f15d8d92-62e5-41d9-ad88-c6e7630c644e,Alan Cooper,,,
5a6540d6-03a7-4a0d-bfe9-d027f19df01d,Alan Cooper,,,
76c85c6e-47e4-4892-b7af-5fbb79efc05c,Alan Cooper,,,
792f4752-61ed-409f-90ba-3ed9833d148e,Alan Cooper,,,
19dc2ed4-42fb-4cc9-be31-b76ee616640d,Alan Cooper,,,
ce1a6317-f7d7-4e9a-95b7-2b8a3f11973f,Alan Cooper,,,
64a1cf59-cf50-4573-a7d6-d105a8144bb5,Alan Cooper,,,
f5722a80-d97e-4236-a245-fc043dee226c,Alan Cooper,,,
4d91126c-9ea6-4f6d-b214-cd196c0c2533,Alan Cooper,,,
4190f1ce-1e2d-4281-9039-c962ee1dcd71,Alan Cooper,,,
9300da4b-9cd4-4c14-a177-b20bcfb80b1c,Alan Cooper,,,
ebe0a80f-4411-4e4b-82d0-988669c70c58,Alan Cooper,,,
ba85097e-a924-41d9-803b-00fe9497110e,Alan Cooper,,,
80da150d-c2d2-46a6-a806-2227c47f4179,Alan Cooper,,,
27c7ec75-7c9b-47f0-b42d-02b7b870350d,Alan Cooper,,,
28e99df1-3edb-4543-8984-bcac47114401,Alan Cooper,,,
9b047307-3016-42d3-aea1-baddebb13f4b,Alan Cooper,,,
52b91e23-ec65-4f98-ad88-96e5bd2eac0e,Alan Cooper,,,
18edbfda-e309-4b6b-929c-8bfbbed4c968,Alan Cooper,,,
e7cc7d53-1038-473a-962a-0eb8119d6798,Alan Cooper,,,
9ecc4412-ba99-462b-9ebd-6bf165967ba7,Alan Cooper,,,
7a22e732-95e9-4394-9c5e-c0dd7afe57fc,Alan Cooper,,,
2c5173d2-52e4-4629-b63e-012e427b23c8,Alan Cooper,,,
68a9fbeb-5294-4318-ba5d-aa31c2ab4c6b,Alan Cooper,,,
8e33a81e-4db9-4869-b0de-58c19172c608,Alan Cooper,,,
2c21f8cc-e335-4d68-8939-bcfd76fd7462,Alan Cooper,,,
1d05c4b8-2f27-410c-8b5b-16f7a12e1228,Alan Cooper,,,
a4a7ba2d-3eaf-4d41-903e-970a42999b98,Alan Cooper,,,
125c9f4d-e2d5-4f79-9c70-4389a62295f2,Alan Cooper,,,
28008405-7470-499e-a197-27970786df85,Alan Cooper,,,
03f7b24b-0198-43cd-b25a-6f52d25b1ccd,Alan Cooper,,,
2f8e4b3d-bf00-4b39-812f-33a4cbd6ef91,Alan Cooper,,,
752364bf-ec89-48a7-9fa9-86e2b137b57f,Alan Cooper,,,
df7b78f6-18fc-41df-b1ef-8084d798a55d,Alan Cooper,,,
3c4f7f9f-6611-417c-80a4-3003083f29b4,Alan Cooper,,,
846a37ff-e6b2-4a1e-a965-95f88b9ca9fc,Alan Cooper,,,
19417324-f750-4bdd-922f-bea73c3195dc,Alan Cooper,,,
21ffd1ac-7d2a-4e95-90dc-cb8f62ad954c,Alan Cooper,,,
5d6b4812-8058-4239-a382-454be76903d9,Alan Cooper,,,
e72bd2fb-d562-4839-ab73-b925cf312fd7,Alan Cooper,,,
c861c851-3db1-47bb-819f-9b625d3a71c9,Alan Cooper,,,
db25b569-0023-4ece-bc6c-6bb74280cdde,Alan Cooper,,,
aa4138a1-4a5a-4c0e-b674-52aa0570022a,Alan Cooper,,,
0fcb7a80-5a35-4dc9-8705-7da6fa34374a,Alan Cooper,,,
8573a84f-3cc2-4b24-b15d-e5d61ccd77ee,Alan Cooper,,,
3632ab53-022f-4ad1-bed1-97133635346c,Alan Cooper,,,
f18d4e08-6a03-4578-b982-033554491888,Alan Cooper,,,
77f7cb03-c2b6-4d06-90cb-0da000fe64b9,Alan Cooper,,,
daea16fc-1356-483b-b642-fdc034fc76d0,Alan Cooper,,,
70cca86f-3442-4000-ac08-57033bf66057,Alan Cooper,,,
21d20fab-7bb8-425f-a797-174beb214bd0,Donald Trump,,,
eddd2cb5-6d58-48c9-9c8f-70cf73f78c05,Donald Trump,,,
3ec8be42-6b34-43c6-93cb-31c7b029c188,Donald Trump,,,
2dba7917-73b6-4175-8a67-7e998a9960b4,Donald Trump,,,
db708ab9-df24-4a09-a4e7-33e67f83779c,Donald Trump,,,
c33d0ae4-87c6-47be-85b9-e73ae46a7b91,Donald Trump,,,
1dd21bdb-4dc5-4113-a93b-3169835fed43,Donald Trump,,,
d2e07454-9007-4aa6-ba01-b59a9aedf004,Donald Trump,,,
e83dbe76-8c1f-4c9f-8e1f-7cc2d90e572b,Donald Trump,,,
7699c147-06f4-4241-a19f-3f6fe7919513,Donald Trump,,,
a9cd4ccf-c223-42ff-baed-5f932c8adf49,Donald Trump,,,
a4fcb8c6-08bf-4f79-bd8d-217ba6874936,Donald Trump,,,
c026bd86-5b12-4e3e-96c1-c5a976699504,Donald Trump,,,
5c80c7c5-7632-4d71-bf6d-a91e38213bef,Donald Trump,,,
83ce3be1-5800-49e8-b320-1e547ca1c108,Donald Trump,,,
0c80fc9f-12dc-46d5-a2e9-0b7444c02e95,Donald Trump,,,
b016f0f2-1525-4a43-9a9c-e655bdf7af46,Donald Trump,,,
a5c14e2a-d80c-4435-9081-66aa23af7a9c,Donald Trump,,,
4f0a8e06-7091-4475-9e99-aef382b2cc30,Donald Trump,,,
3e93220d-15d1-4210-96bf-837d8c19fbea,Donald Trump,,,
23c7caeb-337f-4c95-ba64-7619812d9db9,Donald Trump,,,
c7814259-e20e-4098-80b7-ecfc291351ed,Donald Trump,,,
ffddcc24-d4b2-4015-b176-05e43ea5ba3e,Donald Trump,,,
7e872ee0-a3cd-41fa-bbc0-c094b841c565,Donald Trump,,,
a601a664-b92f-4710-9970-d950c988e955,Donald Trump,,,
304b77c6-d68e-403d-8234-875baa9cefa8,Donald Trump,,,
5cd108ab-f357-41e0-ad3f-66595bb8dccb,Donald Trump,,,
f7807b8f-f9a1-4673-b5fc-86e976bcf8be,Donald Trump,,,
33845ac1-6bfd-4632-87b7-d5ba4ecc07b2,Donald Trump,,,
41290307-4346-4647-a07c-c55eb0ab79f6,Donald Trump,,,
d4e34230-e631-4ca7-9ec8-49dd09349068,Donald Trump,,,
959ea5a1-bc6d-4794-88a9-8c17f2bca451,Donald Trump,,,
e81dce48-c17d-4619-ad19-5dbff0cbabe2,Donald Trump,,,
1395f871-1636-465e-9873-ec50fe050049,Donald Trump,,,
392fff01-823e-4c86-bd9c-e2a2c21abd55,Donald Trump,,,
993b5815-3292-4d96-a0e3-6d4af52d31d9,Donald Trump,,,
d2d13f46-26ab-4d73-8216-082eb4bd8348,Donald Trump,,,
62246a90-73ec-4474-b425-f6f56af74848,Donald Trump,,,
56736f6b-3b25-46ad-bdb9-1d731f343326,Donald Trump,,,
97253b42-f299-45c6-b7f7-92faaf9d5b4e,Donald Trump,,,
15134e9f-46a0-4fd4-a50e-afd9a76721c6,Donald Trump,,,
8986cd98-fc26-416b-b677-1f77ce01e0f0,Donald Trump,,,
1972998d-9811-4aaa-b0b9-f6bf898dba7a,Donald Trump,,,
306c8c09-aaff-465d-9f2f-4c5ab41c7165,Donald Trump,,,
d5afc13b-4bf5-403c-b041-61770e30f40c,Donald Trump,,,
6dbcbdbd-8ec0-471c-b1b4-1fedab3418aa,Donald Trump,,,
539afde9-a407-48c8-b1ad-92bba4507742,Barack Obama,,,
ffdf05b9-902d-4712-8639-c10f5b4e3ee2,Barack Obama,,,
421e9b0b-3087-4acc-b751-49bbff99e245,Barack Obama,,,
452867db-0e2c-46de-9fb0-7bdde831ebad,Barack Obama,,,
92823162-34c7-40cc-b75d-3b9c8d607aa3,Barack Obama,,,
08bc6a15-9986-4989-93c9-92b2338db979,Barack Obama,,,
7e86a853-08d3-4e07-ac4f-3ec34f084870,Barack Obama,,,
e6cf5df7-ad3b-4a3f-b38c-228574ed0a49,Barack Obama,,,
cf964463-8b6e-4215-a07a-4d62229dbc55,Barack Obama,,,
5eec8929-68a9-4315-bfaf-7626886f1ea3,Barack Obama,,,
035dfefb-24d7-4b30-b61d-1717625bbb28,Barack Obama,,,
bbdf8196-406e-4019-80ed-5f9fa580e9c8,Barack Obama,,,
693f3875-f588-4c3a-8024-5096509e750b,Barack Obama,,,
d7db197f-5890-4e25-9e56-80c16483cbb0,Barack Obama,,,
723fefd6-3cf1-4d31-9493-2e2e30927726,Barack Obama,,,
2dba7917-73b6-4175-8a67-7e998a9960b4,Barack Obama,,,
a1dae359-d976-4a4c-a7e6-9d4bbd79abf9,Barack Obama,,,
d59f1898-ae18-440e-b639-588e054c0132,Barack Obama,,,
74af9e3e-a1c5-43d4-9fb3-2273be3189ab,Barack Obama,,,
a227cfee-86a3-4325-860f-a298881d7593,Barack Obama,,,
8af10dc2-c75d-4577-a8af-fa22fb57f931,Barack Obama,,,
11ecd07f-9f33-4a17-bb89-71f257f8d3e1,Barack Obama,,,
d3ff49e1-3b1e-4171-88b6-f723d7f813f0,Barack Obama,,,
40eea82b-cb21-4266-a3f3-3a7fd9d5771b,Barack Obama,,,
654c849f-c8c5-4e8a-815f-248188038c80,Barack Obama,,,
79cd9a9b-77e0-4d27-bd8f-ef5a6f655d61,Barack Obama,,,
676c14f3-c47f-47df-862b-aa91985782af,Barack Obama,,,
dce9178f-30ff-43cb-93e3-29fc80c3a886,Barack Obama,,,
77acce13-cffd-4907-81f7-f34895e21c12,Barack Obama,,,
b3f00f29-efbe-44ff-bbea-2b76917a230e,Barack Obama,,,
f63b8176-d39b-407b-abac-d5608c34a4ac,Barack Obama,,,
dba46f39-1bfc-469f-9698-5ce948bcbadc,Barack Obama,,,
083c62fe-32a0-497e-8ca0-5ad3fdcc9723,Barack Obama,,,
213e34b4-f1ca-4901-bf20-d88b811ceccb,Barack Obama,,,
49d36a1e-5fd0-4af1-90f2-a64fb8253f74,Barack Obama,,,
be168e8c-d806-40a1-9716-35d313829d81,Barack Obama,,,
da4f1544-d5b2-4289-9cae-6997efe1fa68,Barack Obama,,,
245806ca-90f8-41d3-9fd5-ea72d3b4d19c,Barack Obama,,,
f920ac54-3ae2-4929-9220-a1a740932889,Barack Obama,,,
738abdf2-63b4-4998-ad9e-a70b649118b2,Barack Obama,,,
75dc2e5e-c3e7-45bc-ac09-6752c1cc11d2,Barack Obama,,,
2b2c6b65-a318-46da-9a21-fc12d462833a,Barack Obama,,,
039a746b-fa9c-42e3-83fe-d2054c20008b,Barack Obama,,,
d372c3fa-026d-4047-a612-f8d9800c6953,Barack Obama,,,
57518237-f36a-47c9-a5d3-70ff753827f9,Barack Obama,,,
d3ebfae0-306b-4778-8de6-72a7584c4623,Barack Obama,,,
7c87105c-9935-4b39-b38c-8d2373baa07f,Barack Obama,,,
6da9b5ab-2a24-4de0-b2c9-7e57c7414345,Barack Obama,,,
62bb7be0-458d-46a5-a185-76a8a472bbb0,Barack Obama,,,
60ecd59d-29be-4379-8ec2-70942f6730ee,Barack Obama,,,
f943dc5e-68b6-4597-a5a6-92560c277ed7,Barack Obama,,,
e7123a73-a8ae-4ff6-b4ce-ae8ce9299286,Barack Obama,,,
143ae9a9-efae-4c8b-bf6b-894522621a6e,Barack Obama,,,
9b047307-3016-42d3-aea1-baddebb13f4b,Barack Obama,,,
d5808b1a-e917-407b-b0c6-a7f90bad8787,Barack Obama,,,
0c50b1ca-96b7-4298-a3b4-29b2783002df,Barack Obama,,,
d93a624b-bfd7-4bf6-8f92-0f37222abc83,Barack Obama,,,
28361f6b-55c5-4e1f-a905-a5b8c299164b,Barack Obama,,,
1626e197-8afe-4e6c-851d-f0d7ac007acb,Barack Obama,,,
d2491d0a-8887-4eee-b491-6a0e5a3c7d7f,Barack Obama,,,
ef207b0e-0db9-4496-a666-c61942952083,Barack Obama,,,
57ac7ca8-9313-4840-8fde-e1a78c899646,Barack Obama,,,
3f67bb9f-920e-4afb-b6e8-84f8a398b9f1,Barack Obama,,,
cfa6f3d7-1632-404a-9b1a-080e31e5944a,Barack Obama,,,
cd78f039-bd48-4242-b845-c62bd4335e0f,Barack Obama,,,
32520f5d-20c0-4333-8fb2-113672021c3e,Barack Obama,,,
ec1e3999-09d5-4c49-82e4-ef8690dfd2ac,Barack Obama,,,
55ffe2e6-0701-4086-9a65-5ef54840732a,Barack Obama,,,
ae1f73a9-5139-44c7-ad33-571d9027688e,Barack Obama,,,
b7dface4-e23f-4e0e-b241-53f59878b410,Barack Obama,,,
3edd0815-cc35-4804-88ab-6004373fa787,Barack Obama,,,
9493905b-f2f8-4810-b175-86cad6790212,Barack Obama,,,
8c6f9a29-bcda-4f2b-9937-635ca9315f41,Barack Obama,,,
fe98d68c-72b3-4076-8c0b-8ee9c684381b,Barack Obama,,,
a78a3e07-1fa6-4675-b2d4-3e85071c3fd5,Barack Obama,,,
9fb67bc5-a2b8-4c34-a014-0bb4cf2a594b,Barack Obama,,,
908e4868-3b8a-46af-afdc-10f85f5341ed,Barack Obama,,,
e62e4403-c128-48d1-a4ae-a84e206179f1,Barack Obama,,,
0e3c6002-ba3d-4449-8058-ca94af02f3d1,Barack Obama,,,
2d6913bd-abe0-46c8-9c11-2184bd1468c1,Barack Obama,,,
5572577d-a6b6-4a99-9d08-c8ae251b2023,Barack Obama,,,
a1ad68d2-bb89-452a-97cc-d4f6fcb1b8c3,Barack Obama,,,
ab09790e-c1db-46c4-af37-bb9db80ce1db,Barack Obama,,,
0f93bf8f-bd50-4af1-baea-a93f53793794,Barack Obama,,,
52f6212b-9bc5-4512-a170-7264fe8e9a8e,Barack Obama,,,
3a3fc3f8-c8d6-4b51-b577-25dbc3cdf89a,Barack Obama,,,
886e49b2-d701-4d33-b29f-fc5459ba0d73,Barack Obama,,,
7a4860bd-3f29-4805-9cc7-f70d4447bbb7,Barack Obama,,,
0c67cc23-c034-4acf-a786-8828ba3c521e,Barack Obama,,,
e9395f84-6143-43ac-9d9d-ba736c9d34ce,Barack Obama,,,
28f779ce-c367-4bee-bfd0-b318639637d6,Barack Obama,,,
49c35a34-481e-4dfb-a0db-ad2a7fea8251,Barack Obama,,,
6b6ff843-bd4e-41dc-84e4-6fcdea45dc7f,Barack Obama,,,
6acdc522-3809-4177-a656-1186d7d006f7,Barack Obama,,,
74bf36fe-f371-4146-a6d7-98dc3ec8cd44,Barack Obama,,,
2935d2c5-838d-4ec0-81b0-b5ccefab1cf2,Barack Obama,,,
588ede5e-4e5c-4733-9826-999702f6d7e2,Barack Obama,,,
fd1ac464-5b1d-470b-9d15-fe0cd5318476,Barack Obama,,,
846765f8-9437-4589-a49c-2f0aa26fe176,Hillary Clinton,,,
6f8d45a4-6df9-4096-b47f-c53c27bd8fbc,Hillary Clinton,,,
b8f46a75-9dcb-41e2-a95a-88e284f5babe,Hillary Clinton,,,
8e3bd3a6-753f-494c-8818-7598202b07be,Hillary Clinton,,,
dcf1f7ef-a27b-4857-b631-79a495a63cc0,Hillary Clinton,,,
9735e395-c392-4677-aac0-40f562e9fcdf,Hillary Clinton,,,
3c30b2df-1b4a-4656-ab16-a99fa03a90da,Hillary Clinton,,,
7046f2a5-12df-40a9-a5c2-26487eaf8145,Hillary Clinton,,,
cd59580b-dce3-4009-a54c-780350369f4e,Hillary Clinton,,,
6b55b55c-73bb-4250-9442-30c383ef1618,Hillary Clinton,,,
3a8ee06c-5773-4d9e-b7f1-b6836805cd08,Hillary Clinton,,,
df5d68f8-0512-49c8-a37c-e26f41b0ed11,Hillary Clinton,,,
f7b2711a-8a9e-4488-be12-e36915691b2a,Angela Merkel,,,
846765f8-9437-4589-a49c-2f0aa26fe176,Angela Merkel,,,
fcbd419f-0124-44b4-9d92-9b62df91fc94,Angela Merkel,,,
161459ed-09bf-435e-8c59-52de3d57aed6,Angela Merkel,,,
9a79ebc1-12a6-4bd2-8223-ee53c2042302,Angela Merkel,,,
a131a89e-6fc0-4ac1-8a4b-020d9aba5135,Vladamir Putin,,,
8b029845-2ebe-453f-bf8a-bd5598670701,Vladamir Putin,,,
846765f8-9437-4589-a49c-2f0aa26fe176,Vladamir Putin,,,
672063ea-b1ab-4491-b3af-1392ef33ff56,Vladamir Putin,,,
b368e4d4-ec96-4ed0-99ea-68764b2663f8,Vladamir Putin,,,
3a9a3e5a-0b14-4cc6-ab60-e40eb559e0ba,Vladamir Putin,,,
71c6247e-c630-4dd4-99b7-add3109d1f15,Vladamir Putin,,,
388edf95-5b49-4b5e-ac06-c113387934f6,Vladamir Putin,,,
aa2291b1-8c1e-404f-a013-dd77abd7d660,Vladamir Putin,,,
eff01792-1ba2-4dbe-b1fd-c11524bde4ee,George Bush,,,
0ff3482a-3d93-4af4-abaa-0a2078322e23,George Bush,,,
8a93b4a5-79e2-4d2c-bf3b-66c92aa8deca,George Bush,,,
c43ec0e5-afc5-4aa4-9139-03c93513b160,George Bush,,,
593c6779-65e2-4ee1-993f-2aebe4c990c5,George Bush,,,
3eb3e578-c0d8-40e2-8cc5-ab49caee914a,George Bush,,,
b6730143-5e31-46fe-8cfc-1a14f802c942,George Bush,,,
e2575fce-67a7-423e-9151-cd943413a406,George Bush,,,
ec023c23-7fa1-4ad1-8a0c-3bd64303fd2e,George Bush,,,
5bfd34f6-e429-40b5-a985-391eeba830dc,George Bush,,,
ba344c04-1056-4563-b927-282e7bbc6ddd,Tony Blair,,,
6064285c-cd60-4e00-aee4-9b5af62ddd94,Tony Blair,,,
3f1096a2-8a3a-4416-a381-77249537c501,Tony Blair,,,
32b313ab-6bc4-4bf2-81e3-be756436c6ab,Tony Blair,,,
e6a4ad6f-d1f9-4657-b8c8-492521084574,Tony Blair,,,
5dcdf1ed-dc39-4ab8-a5c7-6ffb9fea1996,Tony Blair,,,
fe98d68c-72b3-4076-8c0b-8ee9c684381b,Tony Blair,,,
d08e4f4d-bf42-487d-aa43-2f335f436efc,Tony Blair,,,
56fb9351-2a3c-4e95-a22c-42fd9efee6dc,Bill Clinton,,,
1f48e55e-bd12-4eb9-9d26-ce2053785614,Bill Clinton,,,
ffe69c7f-8972-4b23-b6ad-4e019cd654bd,Bill Clinton,,,
6c26c567-06a9-4efd-aa4c-78f14b8ad208,Bill Clinton,,,
a28eab61-efaa-49e3-907c-a68f8299824e,Bill Clinton,,,
8b500c44-67e8-4cec-953f-23a16fca9d6b,Bill Clinton,,,
0ad861ad-3693-4121-b9ad-503573cc4d99,Bill Clinton,,,
5f7c6b89-daeb-4450-8dd3-67943a7d357e,Bill Clinton,,,
49d36a1e-5fd0-4af1-90f2-a64fb8253f74,Bill Clinton,,,
f3e98ddc-5cab-4fca-abdd-8b12618e5b4c,Bill Clinton,,,
f920ac54-3ae2-4929-9220-a1a740932889,Bill Clinton,,,
801a1bb3-0458-4e63-8630-531db2247055,Bill Clinton,,,
4a19b1e3-5249-440c-a83d-bf698c26c344,Bill Clinton,,,
0b90c177-d914-4212-a7f3-2bc9a535d4b8,Bill Clinton,,,
87342714-fdcd-45ee-afa4-e713707e6a98,Bill Clinton,,,
ec1e3999-09d5-4c49-82e4-ef8690dfd2ac,Bill Clinton,,,
48022a03-4da8-472f-a9eb-a50d2d619de8,Bill Clinton,,,
6e1b501d-7b5b-49c9-a5b9-b9fa42e19e79,Bill Clinton,,,
bb7e8c70-a44f-419e-816f-010119aa1d61,Bill Clinton,,,
3c880c9e-fde1-439b-97dd-0976f5b926a6,Bill Clinton,,,
0914c530-d1fe-43e4-9308-452e761911dd,Tyler Cowen,,,
2f141fcb-3efc-4fff-9133-91688a714d51,Tyler Cowen,,,
86c577b0-cc1e-43d1-909b-c31f9c13a6ca,Tyler Cowen,,,
d8de79c1-3fcf-44e9-b75a-e7fb4554be3c,Tyler Cowen,,,
339334c1-be89-45ee-848b-2cc701fc9396,Tyler Cowen,,,
c9009610-09af-44f3-ab18-e109ca810b46,Tyler Cowen,,,
ff71e9f0-1c01-475a-97f4-34288148692d,Tyler Cowen,,,
6306d0a5-255f-4fb0-9448-98f5352384f4,Tyler Cowen,,,
edbdbb43-beca-4a02-a825-5cb6db74c869,Tyler Cowen,,,
c3697e75-bd75-41d4-a9f2-b7c374b9eecc,Tyler Cowen,,,
3eecd8b3-4e5b-4ad1-aac2-a5efe0eabf41,Tyler Cowen,,,
bd556357-fc19-43bf-8b54-d76a8dff5143,Tyler Cowen,,,
52e0563e-87f3-4b15-b747-6f4c1b7629f7,Tyler Cowen,,,
c0008636-e8fa-4e96-a58d-03f73d8d5225,Tyler Cowen,,,
4ca674fe-a1e9-4429-a4ba-9f5cfcf03390,Tyler Cowen,,,
998c3f40-8ca8-4afa-bff5-41aa79578346,Tyler Cowen,,,
ecf59b80-0c91-41c5-a244-c23803c48636,Tyler Cowen,,,
1dbcd283-bc0a-4b7e-9a14-da4cd3e864ec,Tyler Cowen,,,
74bac24e-45ba-40e2-9327-70c8b6d910fa,Tyler Cowen,,,
53a5d2c6-c762-4d55-8616-09991bc6f884,Tyler Cowen,,,
a78cd2fa-fa19-496d-bc7a-34e3dc546460,Tyler Cowen,,,
3025f9bf-5625-42b3-a4d5-e753a0bfeff0,Tyler Cowen,,,
f379f305-b118-4577-b66f-a301a9bd8db2,Tyler Cowen,,,
46f28977-aa3a-4e1d-861a-fb63734f0852,Tyler Cowen,,,
fbadb81f-3617-4ec1-beb8-7d19381b8b30,Tyler Cowen,,,
b297b7aa-2adf-4a80-a6c0-ced070c7e5ce,Tyler Cowen,,,
da7b4fdb-8667-4c3c-81cf-3c7a9c2c5b05,Tyler Cowen,,,
74af9e3e-a1c5-43d4-9fb3-2273be3189ab,Tyler Cowen,,,
bac29e1a-0a13-4ef4-8d44-a296ef838541,Tyler Cowen,,,
0b610f5c-ee44-44a0-9ae8-7a78f2bd59c0,Tyler Cowen,,,
ce8034c8-2c4c-4310-93ea-f37314392059,Tyler Cowen,,,
fcbd419f-0124-44b4-9d92-9b62df91fc94,Tyler Cowen,,,
419777b6-a97a-4aa2-b96f-fb14d823f59e,Tyler Cowen,,,
5ed694e9-c7ec-4c87-bb21-440879a71c0f,Tyler Cowen,,,
d274bddf-ab4e-42d7-acfc-38d5f743609a,Tyler Cowen,,,
a0b832e4-dccc-408a-af76-56830bfde65f,Tyler Cowen,,,
253568d7-5952-4340-9b49-5e398da65012,Tyler Cowen,,,
e77a9ddd-b8f1-45e3-ab9e-e03757dde394,Tyler Cowen,,,
e06400b1-2273-48d8-8f72-b95bcde9fb06,Tyler Cowen,,,
5d88c3b1-8e66-407a-a25c-baf7e1e240e4,Tyler Cowen,,,
53008798-d4d5-4721-8d29-b054046c4083,Tyler Cowen,,,
3ba0c7b7-7edb-43cb-b8c9-d8e8458f0c54,Tyler Cowen,,,
caff54c2-2ba4-4895-bf39-08517b315d28,Tyler Cowen,,,
2ec04bc0-73de-4a3d-ab0a-1fae81b53b5f,Tyler Cowen,,,
bbd4b69c-5dc9-483b-8e6b-ec416120a747,Tyler Cowen,,,
4120e21a-4a55-465a-8e97-5f22344dd3ff,Tyler Cowen,,,
ea9a6f31-eb67-4d49-95ca-505bfb2941dd,Tyler Cowen,,,
4f37fa73-8bf6-46cd-853a-e82705f79f97,Tyler Cowen,,,
06a166e9-a2db-46e4-891e-46236622f63a,Tyler Cowen,,,
f8fb187f-2676-4f2e-9415-1c3ed0de863c,Tyler Cowen,,,
3317871b-01e9-4f40-94a8-ea50224c389e,Tyler Cowen,,,
d17a45a9-d4b7-4522-9932-d893f573b2a0,Tyler Cowen,,,
660a163a-de22-418a-a68e-4edd0170f4a8,Tyler Cowen,,,
a2d3bc22-dec1-4b73-b5ca-bcc35032c5c1,Tyler Cowen,,,
e9092a72-3ba0-4b36-a61b-951d41e80c4c,Tyler Cowen,,,
f0e45385-9e4b-440a-90c5-50ead36859e9,Tyler Cowen,,,
c55136a8-3efc-4519-92bf-87f6de2b3dcc,Tyler Cowen,,,
ce1a6317-f7d7-4e9a-95b7-2b8a3f11973f,Tyler Cowen,,,
b2e6c4a7-43ba-4212-94a9-31c68532956d,Tyler Cowen,,,
e694b895-06ea-4181-9eda-c118fb3826f9,Tyler Cowen,,,
46f309c6-dfbe-409b-b2f7-b4fe9453bedb,Tyler Cowen,,,
721751d6-8fd1-44e9-8aea-769e7fd1a4bb,Tyler Cowen,,,
6e0bf2ea-6251-49cb-9720-27fc8dc6fe26,Tyler Cowen,,,
5a2ce712-92d8-47e8-8d33-4a56203462ae,Tyler Cowen,,,
09e97c4b-55aa-45c1-a80a-fff767e72229,Tyler Cowen,,,
a87077bb-2480-4576-aba5-3e692ec4797e,Tyler Cowen,,,
96a63654-4b98-4ebb-a3bd-eff22ae3f39d,Tyler Cowen,,,
9bfe0e71-16fb-4a66-b32a-36c2031ad890,Tyler Cowen,,,
d048a55e-4c41-4b69-83f5-5a4533dda4ca,Tyler Cowen,,,
56cd6621-69fa-45b5-bac5-1ad6233a92b7,Tyler Cowen,,,
544e5bbb-890f-4108-a874-b57110abf7a5,Tyler Cowen,,,
df7481fd-fd7d-4b34-8f8a-9be7f8d04c75,Tyler Cowen,,,
93628ae0-fa9b-4b54-89fe-ddb8ff956df2,Tyler Cowen,,,
4f7aa87c-1d55-4adf-90d9-5d7aba5a031b,Tyler Cowen,,,
259eab04-9b7f-4d7a-8f44-03820706a99c,Tyler Cowen,,,
950d5dfe-9337-4b47-9181-99d9dab42a8b,Tyler Cowen,,,
91b8d46e-6b7f-4e30-a205-3c48e373cb34,Tyler Cowen,,,
e4b190bd-c0b0-4d14-8698-fb736331c78e,Tyler Cowen,,,
d2306af7-7cea-498d-af1e-613dfd2c2f2b,Tyler Cowen,,,
f9f5d6aa-0e5d-451a-b69a-95ebe942f4b1,Tyler Cowen,,,
021683df-68f4-43cc-847a-00182277368c,Tyler Cowen,,,
8f3d4503-81b3-4eb2-b6b4-b263070b62a2,Tyler Cowen,,,
32c7a9ae-3593-4abd-ae4c-dd6f2cd07bde,Tyler Cowen,,,
3d9f0404-1825-411f-a5df-8f0a29b72a74,Tyler Cowen,,,
9dac7a69-0103-4a03-94ca-f69fdfb36f80,Tyler Cowen,,,
1d705f83-2fa3-486c-84b6-fe0cbd3f7660,Tyler Cowen,,,
dc2ec7db-57fb-4867-9700-0e4456ebbb64,Tyler Cowen,,,
e3f6b8cf-599c-46d2-b58d-4b6fa4e784f2,Tyler Cowen,,,
84f698be-e6e9-4dd8-9f9a-e26725c54dd4,Tyler Cowen,,,
f3225322-355c-4f44-8e9d-06a120cb9e7d,Tyler Cowen,,,
e694bd87-88c8-4e07-b6a6-3eec2dc63827,Tyler Cowen,,,
c2e08fdf-2cf4-406c-a0cc-1a858252ad40,Tyler Cowen,,,
d7fb1ee3-adbd-44e6-9e1f-fccdebda2333,Tyler Cowen,,,
c0adc887-9539-4607-9988-560483022b1b,Tyler Cowen,,,
73ce7e16-5c61-4769-899f-43df9d3b7933,Tyler Cowen,,,
3e152b1e-4173-41b9-9057-3e81ff339fe8,Tyler Cowen,,,
b8cdbba9-67af-466d-b16f-fb2acd490df3,Tyler Cowen,,,
60f17f0e-c98d-4e41-a66a-3778254076fa,Tyler Cowen,,,
c44fb36d-3413-46bf-90c7-e1e297108b13,Tyler Cowen,,,
7c44d423-01dd-4941-bc03-895b36b358e9,Tyler Cowen,,,
6a1eb751-65a8-4b31-8627-8e056714ed3c,Tyler Cowen,,,
504b2c71-33f0-4709-993b-976d864bbb42,Tyler Cowen,,,
a68c3186-c41d-4ab4-8d92-4cf76e7d8513,Tyler Cowen,,,
1263f69d-c7e4-4a77-971f-b596f88032ae,Tyler Cowen,,,
f590cb5e-44b1-4cb5-b0ed-007ebdee53b9,Tyler Cowen,,,
ea835b3b-c4e6-41b6-acb8-d64f6e05d91d,Tyler Cowen,,,
7c6272fb-5ae8-4bbc-885e-8199d5c308fe,Tyler Cowen,,,
1496c209-c606-4dd2-8b56-0847a9925317,Tyler Cowen,,,
30cc8774-a76a-454a-b99e-e115fcc79d86,Tyler Cowen,,,
d90bef27-b630-408a-94a4-cd6d81b8de82,Tyler Cowen,,,
d244f26d-c414-4c95-9fe4-102474784e4d,Tyler Cowen,,,
18688a7c-6aa1-47c4-b003-cb4ebbaf57ee,Tyler Cowen,,,
6f50a1b8-8a4a-47cb-ac94-5499fccc644c,Tyler Cowen,,,
fcec82ef-7a34-4e84-9050-98d12dd55eb2,Tyler Cowen,,,
aa4138a1-4a5a-4c0e-b674-52aa0570022a,Tyler Cowen,,,
4c2dcdd4-8a5d-461b-b9fa-bca48137cf66,Tyler Cowen,,,
8abd2c5d-2575-48b0-b245-0091262ddc50,Tyler Cowen,,,
fe4d0bb5-eeb1-4e54-b8c4-292582eebe8d,Tyler Cowen,,,
b48110ba-61d6-48b1-86cc-fe9c7abcc390,Tyler Cowen,,,
570f2502-f19b-4354-971b-8c2ba1df6edf,Tyler Cowen,,,
5ef89508-d576-40a8-a7c2-ec68831993a4,Tyler Cowen,,,
02a22a8d-22cf-4f32-8778-c3163ba1365c,Tyler Cowen,,,
1d397031-667c-4c8c-9215-ee4310421290,Tyler Cowen,,,
47a43e7b-496a-4225-9885-bdf05c56316b,Tyler Cowen,,,
ab7ffc02-cd5a-4e85-b123-b6038bf8e3ae,Tyler Cowen,,,
10cd56a5-71c2-4ed1-941d-353852dccb0e,Tyler Cowen,,,
59b30043-bbec-4209-a8d0-5299b292d75a,Tyler Cowen,,,
d483e685-0149-4963-bf91-396e6a60b4e9,Tyler Cowen,,,
9259deb8-d6be-4651-8dbb-efecc7d5d9b6,Tyler Cowen,,,
5b0e2a19-ce3c-4204-b4b1-4ac1d270e8ac,Tyler Cowen,,,
3e5d5194-8772-414a-b524-10b98bdb7b1b,Tyler Cowen,,,
6a582e5c-6f59-4adc-9687-a822d0e48d71,Tyler Cowen,,,
0e116102-e3d3-421a-8893-935b9a96f337,Tyler Cowen,,,
9dfc7a78-8495-4ff3-b8a7-32c8bd6b67d2,Tyler Cowen,,,
9f5d144c-1606-468f-b630-f99f0b55faba,Tyler Cowen,,,
9e423ab5-af00-4028-93c6-e03c9c5572e1,Tyler Cowen,,,
58a300f4-75a4-41f8-9cef-0c7bfc6c3eef,Tyler Cowen,,,
8e461688-1ed5-4b99-af05-52c926248c5d,Tyler Cowen,,,
610dfc3d-14d6-4dbd-a326-808f5e59b920,Tyler Cowen,,,
45fe3ccf-f508-404e-b7b0-2a5d18de0ae7,Paul Krugman,,,
f7f301e4-3075-443a-9d56-51579a9453aa,Paul Krugman,,,
fd728dfe-c107-4c10-8523-0a41bdd40535,Paul Krugman,,,
18bd01d9-c811-4554-bfc8-8162b26dd71a,Paul Krugman,,,
80785b05-4b13-4fcf-b9e1-078b753a3b3f,Paul Krugman,,,
93353382-e149-4722-aa93-e2c5733ea406,Paul Krugman,,,
60805878-cfa3-482d-9ce4-dec6033e8d72,Paul Krugman,,,
90282213-f5f4-448b-8051-9ea4336c3b5c,Paul Krugman,,,
9351a020-a50e-4f0c-9469-603e4e0f7084,Paul Krugman,,,
837a4bb1-fc6f-4e7d-846d-e69a4924b2cc,Paul Krugman,,,
eeae0f9d-4ba9-4143-99db-28ebfe75c823,Paul Krugman,,,
de7faa43-7413-46c9-a8bc-71c28e15324f,Paul Krugman,,,
84da7fe5-7133-4eb0-a40d-5cafd7db122a,Ellen DeGeneres,,,
2204821c-f423-4bbf-b20a-16bf8420dc3f,Ellen DeGeneres,,,
92ab9bfc-acb4-4479-b643-aa9a4efa39e0,Ellen DeGeneres,,,
ff0377ab-d543-404d-93c5-c9332c5b8e8c,Ellen DeGeneres,,,
f5609575-d39d-482c-a2ec-3f6edf3ee3d2,Ellen DeGeneres,,,
4b174c10-d433-4119-86f8-89c6f0298743,Ellen DeGeneres,,,
3b6ab58d-2cc6-4823-a470-23c0fd0cda98,Ellen DeGeneres,,,
498f57b4-c520-47e4-8a4c-4b3888fc9740,Ellen DeGeneres,,,
34439a90-41f1-4b3d-946d-233c10a24e87,Ellen DeGeneres,,,
4170b2d3-4ad8-45b7-a208-ace3621c28ce,Oprah Winfrey,,,
7f542c1f-5d20-4567-8741-133538c2c277,Oprah Winfrey,,,
99a3b293-4fb0-44fd-a0c8-81c5b8a17c34,Oprah Winfrey,,,
e91cb6fb-dba4-4789-a186-1dd2d29e9fb2,Oprah Winfrey,,,
5244876a-fa73-40b8-8323-0c5295e35aea,Oprah Winfrey,,,
29b8fc81-7ba4-4b67-aef9-2eb9f715c9fa,Oprah Winfrey,,,
f920ac54-3ae2-4929-9220-a1a740932889,Oprah Winfrey,,,
36657e74-0ff0-4335-a918-55e628c36a5e,Oprah Winfrey,,,
e55fd6c3-42ea-4a53-ac66-bb1ba9f2a4b9,Oprah Winfrey,,,
71c6247e-c630-4dd4-99b7-add3109d1f15,Oprah Winfrey,,,
d372c3fa-026d-4047-a612-f8d9800c6953,Oprah Winfrey,,,
7c87105c-9935-4b39-b38c-8d2373baa07f,Oprah Winfrey,,,
b37f4d92-353c-425a-abbf-77080901ff6a,Oprah Winfrey,,,
0e976a91-354b-4113-96ff-52336db870d2,Oprah Winfrey,,,
47f94485-76be-4f61-9c16-3251c8802d28,Oprah Winfrey,,,
45b836ce-1e4a-4fdf-a865-42876b21f6bb,Oprah Winfrey,,,
5796be57-c6f9-417a-ac4a-8ceec032a64f,Oprah Winfrey,,,
583ec47f-3a18-404e-956f-d852b43df111,Oprah Winfrey,,,
38324947-0782-45a5-b176-46aafbd4b2e8,Oprah Winfrey,,,
808f4ab0-c1db-417e-9f8d-9b4bd356b641,Oprah Winfrey,,,
21dd37c2-9307-45f2-97f0-4f6590d741d0,Oprah Winfrey,,,
befa9d62-d5cc-4217-8d31-7fe23372b6d6,Oprah Winfrey,,,
af7c74b3-0b84-430b-a4b1-eec807a602f9,Oprah Winfrey,,,
17fd82fd-250a-4cfe-a774-5c80c5afe12f,Oprah Winfrey,,,
9aff6949-0edd-4f4a-ab07-36ecf613b06a,Oprah Winfrey,,,
57d05647-28da-46f4-b133-f4752aabcd53,Oprah Winfrey,,,
380175a9-7eaf-4bf3-96c8-491842c5a4e0,Oprah Winfrey,,,
d96a4f12-e712-49fb-9836-d63c9083f178,Oprah Winfrey,,,
b42e60ed-78d7-4736-bc73-825cccdf7dae,Oprah Winfrey,,,
03c40132-be4e-46e9-86bc-0d7580556754,Oprah Winfrey,,,
0309cbdd-656b-4b79-b3f7-77d0c921137b,Oprah Winfrey,,,
39b3c2b4-3f89-499e-a21c-de6cf0b86059,Oprah Winfrey,,,
cd4aa69a-4485-4d64-8bbf-eb73375f4c3e,Oprah Winfrey,,,
43d8d894-94c9-4065-87a4-7da7f72643df,Oprah Winfrey,,,
a26d6394-8826-4499-aa65-ac5d6e3ca553,Oprah Winfrey,,,
0ff4c272-af7f-4c6a-919a-112d7d638f83,Oprah Winfrey,,,
ae6fed7b-3415-4e1d-9c50-2536c2bc44b9,Oprah Winfrey,,,
c2e481ca-a05b-46f1-a27c-ec44ba3ad570,Oprah Winfrey,,,
0a4eaaa5-54d6-47d5-961a-962c0b589b91,Oprah Winfrey,,,
1353838d-684b-4c59-b22a-494f88645b8b,Oprah Winfrey,,,
113dacda-7e76-43c6-ae93-6afe72f039e2,Oprah Winfrey,,,
c96692ab-2627-4a15-b95c-ebcb13ed3bce,Oprah Winfrey,,,
5cc74321-c6ea-49c8-a92a-c6736ab2ead6,Oprah Winfrey,,,
00029f5e-b754-4f74-8c3f-5c7437ee0707,Oprah Winfrey,,,
da2e702d-9977-4074-a2af-266f8884281e,Oprah Winfrey,,,
911815b7-540f-4c61-b9e7-c07c86b04c27,Oprah Winfrey,,,
9460ea2c-8ce8-41e4-b384-df46500d1c2f,Oprah Winfrey,,,
a312487e-ff76-4a28-aef2-cf7c1a03f0d2,Oprah Winfrey,,,
6cac5c71-061f-4b39-8be4-7eb686a45f70,Oprah Winfrey,,,
6dfa18d9-53f1-4669-9ce5-806e83d2db2e,Oprah Winfrey,,,
b024849e-868f-41d1-a3a8-13f4599e4466,Oprah Winfrey,,,
70c2760f-bd35-4370-9f01-5cf4986252b5,Oprah Winfrey,,,
6350cc89-1ef5-4d8a-9ce0-2d75b22023ab,Oprah Winfrey,,,
715a8098-4426-4483-8d20-b4862a06be11,Oprah Winfrey,,,
f3e1e4e9-dcae-4585-b8a0-8e5cb0896ad2,Oprah Winfrey,,,
89b161b1-5c25-4faf-a19e-b844f68f473b,Oprah Winfrey,,,
405e68c6-7da6-4ed6-a9ac-4a41f11c3315,Oprah Winfrey,,,
e5a15e3a-55ec-41b8-b357-7648ff0a3c25,Oprah Winfrey,,,
b47b2a5d-f0af-492d-985a-5f45b46e599c,Oprah Winfrey,,,
7a3979d8-66cf-41fc-982c-6c7ce660f342,Oprah Winfrey,,,
6f38640f-777e-48bb-a935-8ed86718497e,Oprah Winfrey,,,
532f3f3a-8b11-4343-bbe3-e7b7a124f5f6,Oprah Winfrey,,,
4ef4e720-1d43-40ae-bde6-842b982dbf17,Oprah Winfrey,,,
d82c55b1-140e-496b-b140-2b0245a878c8,Oprah Winfrey,,,
0d53390f-6aae-4806-b8bc-c75d4f0017a2,Oprah Winfrey,,,
5c7cd55b-2867-4752-a465-9aa8a72314bd,Oprah Winfrey,,,
2d51d6a3-b5e8-42a9-bf3f-e2303651ef86,Oprah Winfrey,,,
8be5320f-5093-4ffc-9fa4-d37f3eb86353,Oprah Winfrey,,,
a081a514-f0a1-4355-8c62-3b381602c404,Oprah Winfrey,,,
a83df75e-9d16-479d-aa5d-bc2fabc331fc,Oprah Winfrey,,,
fcaecdc2-4a47-4512-8863-b555eb34d889,Oprah Winfrey,,,
c3dc01dd-6bcc-48d0-8554-2fca335d1056,Oprah Winfrey,,,
fd9f63ae-fd20-4c79-9fb8-4f3fc0662d15,Oprah Winfrey,,,
4522677c-4d42-41cc-b38a-7406f5a350a2,Oprah Winfrey,,,
1eb0d1db-9f23-4830-95ea-9072ab738d18,Oprah Winfrey,,,
240f1a5c-dfe7-403b-a147-f6bdd56d1213,Oprah Winfrey,,,
cac50b2b-5846-4e0f-8655-68b342d6c4c3,Oprah Winfrey,,,
0d3f404c-7c29-4c9a-b146-204c3e2e60ab,Oprah Winfrey,,,
7d16d2da-caf3-4fbe-9a8b-2691e9025999,Oprah Winfrey,,,
283520dc-dc80-4028-9c0c-b973d5deb31c,Oprah Winfrey,,,
1efb2915-1711-4309-ae54-00ee87de8bb6,Johnny Depp,,,
c670edff-5b38-400c-95ff-481ec5d55b47,Johnny Depp,,,
1b970737-3c9c-4070-b8ea-d276456fa61d,Johnny Depp,,,
c153ba44-48b6-45d1-9a70-064a506b1ab0,Johnny Depp,,,
96876d8a-2dc8-4411-920e-9a4e62f6ddc1,Johnny Depp,,,
98b3ffa3-1a5b-45f2-94c0-c614fbe8a65b,Johnny Depp,,,
e0a67e7c-c8f9-4290-a8e8-e31eb95f5140,Johnny Depp,,,
8d96487f-8cc4-4125-aac4-41c1288e3ae0,Johnny Depp,,,
740d3793-5975-460a-b670-e909fea2f00e,Johnny Depp,,,
6e1eedad-16a7-4791-afae-f5feb346b068,Johnny Depp,,,
acf2ba53-e77b-4d53-96f0-fe3bb677c9bb,Johnny Depp,,,
ae90548c-dfdd-4225-9b1e-db583147e246,Johnny Depp,,,
2f370b96-3bc1-485e-bc86-a0bf8b3b89f3,Johnny Depp,,,
227c3cd1-de40-48c9-8a77-814a044bde9d,Johnny Depp,,,
4097adc4-e852-49f3-9ffc-94002b9a0628,Woody Allen,,,
bb4081fe-845f-442e-a70c-ec5dade2d8b1,Woody Allen,,,
25136c93-38a0-4378-a132-78395e3c0465,Woody Allen,,,
bdf56274-1185-488d-ab0e-f9f0333b3810,Woody Allen,,,
1ef6fece-9e8f-4564-b8e3-556287126b6c,Woody Allen,,,
8912a084-dd89-40d3-bf11-73070e8d7522,Anthony Hopkins,,,
fa71730b-de6b-4376-b290-e1c747811d8c,Anthony Hopkins,,,
c33d0ae4-87c6-47be-85b9-e73ae46a7b91,Anthony Hopkins,,,
55e1f5f2-3e79-469f-9c70-9abea910628c,Anthony Hopkins,,,
0b4cccf4-2abf-4134-b829-a653450613e6,Anthony Hopkins,,,
9695b799-b4b3-4fa0-83b7-c96849125eb8,Morgan Freeman,,,
4def3799-f72a-4485-867f-b9138d1f0df3,Morgan Freeman,,,
9bae59ff-2729-4dae-8970-206d796aca01,Morgan Freeman,,,
380175a9-7eaf-4bf3-96c8-491842c5a4e0,Morgan Freeman,,,
49c35a34-481e-4dfb-a0db-ad2a7fea8251,Morgan Freeman,,,
6481e395-826e-49c9-98a0-95f8fce3ffc0,Nassim Nicholas Taleb,,,
5883a5c5-6f62-41c6-9f08-31cb8e7e2a29,Nassim Nicholas Taleb,,,
a86bf2e2-f1f3-4dd3-b857-bd1134843740,Nassim Nicholas Taleb,,,
03213fa6-74a6-4054-83a3-dd7716a8f964,Nassim Nicholas Taleb,,,
8bc9ceea-d45c-4bbd-8c46-ec80fd12954a,Nassim Nicholas Taleb,,,
2fe0339e-405a-4039-ba34-75978a77a2b3,Nassim Nicholas Taleb,,,
60af45b6-978b-4fbc-abd1-2eeea683e64f,Nassim Nicholas Taleb,,,
56d3b665-9cce-4c1c-992c-e4271b38f17b,Nassim Nicholas Taleb,,,
391f0af3-ab9d-477a-a702-2345ee2cd5e4,Nassim Nicholas Taleb,,,
74e2cb0e-1a44-46c2-b2c9-20f19ea903b2,Nassim Nicholas Taleb,,,
1ca96343-5466-4622-9f35-ca2c59f54dad,Nassim Nicholas Taleb,,,
9def0b69-c296-4bcd-b312-d66ab7ce8341,Nassim Nicholas Taleb,,,
a0f830ce-2500-4930-b1a9-1114a3889aa9,Nassim Nicholas Taleb,,,
7ed3d364-0a07-47f0-922d-4c54389fd2eb,Nassim Nicholas Taleb,,,
8fa4bb4b-909c-4ce9-a3f7-ba9747c49562,Nassim Nicholas Taleb,,,
b3a0a8c0-4a46-4ae6-b53a-fdf7133aaccc,Nassim Nicholas Taleb,,,
77acce13-cffd-4907-81f7-f34895e21c12,Nassim Nicholas Taleb,,,
f8d9df21-56aa-4117-859f-66f822e3d12e,Nassim Nicholas Taleb,,,
01d776db-de62-41c0-8fda-4e2ddb05391d,Nassim Nicholas Taleb,,,
edcc7598-1519-49f9-a4a6-5cc795fc1771,Nassim Nicholas Taleb,,,
db21d758-2034-411d-a4a8-af2ebf905ef0,Nassim Nicholas Taleb,,,
9b8d1ded-8289-40d8-aa79-0798294e5bd0,Nassim Nicholas Taleb,,,
5dfbbbaa-947c-434b-b987-a793bba9f19a,Nassim Nicholas Taleb,,,
ffa4f402-4d6f-4747-b921-d89a44591ce9,Nassim Nicholas Taleb,,,
cb1d2fb0-7dd7-43d4-9cf6-714027092c3b,Nassim Nicholas Taleb,,,
9e0084b6-851d-4049-a0bf-e2ca6986a622,Nassim Nicholas Taleb,,,
e274b09c-7057-42f5-bddb-54234fc21984,Nassim Nicholas Taleb,,,
b5cc9d07-7817-45ca-9853-89052b652da3,Nassim Nicholas Taleb,,,
4ab8f7ca-7b6c-452e-8783-ffe2e6573ee5,Nassim Nicholas Taleb,,,
18325db8-f916-41af-9f08-964ab28e93a8,Nassim Nicholas Taleb,,,
bdb2892a-5908-46c9-b791-5d6af9df1f13,Nassim Nicholas Taleb,,,
c929aa46-e218-4b89-bf1d-f92d6fd166bd,Nassim Nicholas Taleb,,,
6a5340ae-6b0b-4001-8894-0af236346dbe,Nassim Nicholas Taleb,,,
12b9551a-95a1-43fc-b9a9-7e2ffa536aa3,Nassim Nicholas Taleb,,,
ddd32606-ed90-457d-a7fe-3ca9d7ca1e45,Nassim Nicholas Taleb,,,
e29738a9-8d88-4bc0-bb53-9494f89140bc,Nassim Nicholas Taleb,,,
0bf90988-9f1f-4cae-93b3-eb1571a8af72,Nassim Nicholas Taleb,,,
cfc9ef4c-ef70-41b8-a859-6cfe509bdab8,Nassim Nicholas Taleb,,,
44904717-d24e-43df-bad7-ad08a029d16f,Nassim Nicholas Taleb,,,
d649f5cb-f399-4824-a3a9-8207a3762f2d,Nassim Nicholas Taleb,,,
e085afee-1d2b-44b7-adc6-5221f077a302,Nassim Nicholas Taleb,,,
05f1a6d9-413f-4c55-a95b-6407dbde7599,Nassim Nicholas Taleb,,,
8eda0ecc-31ec-4c7f-a0fe-c8f58e3e2747,Nassim Nicholas Taleb,,,
9a528e83-7752-4d7a-bdc1-73698f859d43,Nassim Nicholas Taleb,,,
dd3cd895-c812-4bc9-9ab2-285e1b702564,Nassim Nicholas Taleb,,,
6a58a71a-3b14-4a00-b596-bb5cbd1009eb,Nassim Nicholas Taleb,,,
b6d983a7-2079-41cf-94ef-cea059f4c039,Nassim Nicholas Taleb,,,
9253e117-6006-4f93-8f8b-5f98e0cf315e,Nassim Nicholas Taleb,,,
7fb76eab-cc51-4d86-b836-897d096b0727,Nassim Nicholas Taleb,,,
0cc5f1bc-aad0-43bd-82ea-662347924886,Nassim Nicholas Taleb,,,
117028b1-1858-4738-a1eb-24c226b4e83b,Nassim Nicholas Taleb,,,
c4a9153c-1f5d-4cab-a750-74da7617bd8e,Nassim Nicholas Taleb,,,
2aa6fc79-54e7-48c1-9272-a16e79aa5804,Nassim Nicholas Taleb,,,
68ba5aff-9084-4b55-ac96-51eb8423f4f9,Nassim Nicholas Taleb,,,
cf909538-5b4f-45de-94f1-dc35e73e3e0b,Nassim Nicholas Taleb,,,
6483e0ca-7949-4ead-8f99-2b11548d4804,Nassim Nicholas Taleb,,,
9333d7c0-4f30-4434-a83a-ace8f688a5bc,Nassim Nicholas Taleb,,,
4a51ccbe-52db-4541-a8fa-1442c1de2261,Nassim Nicholas Taleb,,,
f231a764-eb5c-4999-bf54-70a469365fa0,Nassim Nicholas Taleb,,,
0f245c1a-48cd-4f84-a1cf-b06aaed22247,Nassim Nicholas Taleb,,,
0f5227d6-d795-4bae-a762-8f68b9fab731,Nassim Nicholas Taleb,,,
24d98301-a595-45c0-97f5-6dbdfef45cde,Nassim Nicholas Taleb,,,
e3a72621-3169-4035-bd6d-29343d74e2ed,Nassim Nicholas Taleb,,,
3b825c68-f736-4048-afcf-21add26c7079,Nassim Nicholas Taleb,,,
56094877-9cf8-4f88-97f2-a52cf0368a27,Nassim Nicholas Taleb,,,
badc3bdc-b388-42b3-b615-bd3cda96b519,Nassim Nicholas Taleb,,,
19f3af29-fdb8-402d-9333-277f988c57cb,Nassim Nicholas Taleb,,,
3a88a400-fcf5-4d2d-8af9-70f034f0fc78,Nassim Nicholas Taleb,,,
ca415322-149f-49e5-9c61-0374a308c59c,Nassim Nicholas Taleb,,,
03d013fc-e9a8-44f5-b3cd-39b7ba34e79c,Nassim Nicholas Taleb,,,
666f3f43-d420-4351-ac36-42b0634989b8,Nassim Nicholas Taleb,,,
7e0dc76e-7cdf-4154-b7b0-6007aac11ec3,Nassim Nicholas Taleb,,,
7e139b17-4057-4c88-b31d-415cbf7f95b0,Nassim Nicholas Taleb,,,
443a8f72-aff8-477a-a1a6-6889869b174c,Nassim Nicholas Taleb,,,
57cfbdd7-667e-437e-a4c2-d6bf14512970,Seth Godin,,,
991e6470-fa9c-4ca9-8a17-07f83beb8f41,Seth Godin,,,
bacc94a2-b827-432a-9676-77d908ed37ab,Seth Godin,,,
33cd03c3-8927-45f1-94a4-549707c99387,Seth Godin,,,
bbfdab4a-47f4-4d1b-bd90-476b6d15e4d4,Seth Godin,,,
07c67572-868f-4524-b37b-72ba8db01d7a,Seth Godin,,,
1687920a-636a-4ce7-91e3-a569ca37c2f6,Seth Godin,,,
8555624b-2248-4cc5-bad8-22541e85b190,Seth Godin,,,
14584fde-0b95-476d-9aa7-5a148a362d87,Seth Godin,,,
6b6ff843-bd4e-41dc-84e4-6fcdea45dc7f,Seth Godin,,,
01006ddc-bc49-49c7-bc7c-b1f4b9cadcfd,Seth Godin,,,
452867db-0e2c-46de-9fb0-7bdde831ebad,Ryan Holiday,,,
4c9f068f-4a3d-4bc3-af7c-7a351f1a3b58,Ryan Holiday,,,
a0ba2b9b-7e70-43b9-8bd7-e3c7821349ee,Ryan Holiday,,,
28170254-f2f7-41a0-b077-569034e9eb27,Ryan Holiday,,,
b57981a3-a137-4c40-861e-417709664492,Ryan Holiday,,,
e94ae491-6a70-452f-8aa1-9877ef97739e,Ryan Holiday,,,
832733ca-4cde-41ae-8ec0-144b6bf55312,Ryan Holiday,,,
d600f7d2-12e2-49f6-92f4-0b80ae99960c,Ryan Holiday,,,
6c26c567-06a9-4efd-aa4c-78f14b8ad208,Ryan Holiday,,,
d97ffa71-f237-4e84-a3cc-fb4b67174118,Ryan Holiday,,,
4c05d47e-e395-4e8d-b8a8-87a91de5322b,Ryan Holiday,,,
6562e1fd-caeb-44ad-9a94-b2ba842776af,Ryan Holiday,,,
786f6bbc-1435-4ccc-8646-ad412c885b79,Ryan Holiday,,,
5fcc72f3-b5ab-4d3f-bf02-4ff8beb6f064,Ryan Holiday,,,
748ef01e-5ce6-41c7-ab1b-7f014fa012dc,Ryan Holiday,,,
6db4c715-b907-463e-9a31-b686de778cae,Ryan Holiday,,,
0426c62a-9152-4f92-9151-6820ec06ce80,Ryan Holiday,,,
e1d9da95-7360-4de8-b773-fff163015d92,Ryan Holiday,,,
32fe0a1e-fd08-4d37-8c94-b3c80b9e8981,Ryan Holiday,,,
9deb6ac5-fb02-424a-ad46-078254942169,Ryan Holiday,,,
a2b80bb3-a94c-4176-a8ba-3f1ff456e99c,JK Rowling,,,
fe97b223-1ab7-4643-ad1f-c4c3ab194afb,JK Rowling,,,
12b41f38-d945-4a65-b57a-6dee03b141aa,JK Rowling,,,
2dba7917-73b6-4175-8a67-7e998a9960b4,JK Rowling,,,
707ad43a-c5c2-4702-a6ae-61c270d45c78,JK Rowling,,,
a85d4c9e-9aa8-487a-a7e8-c0d495f2ba92,JK Rowling,,,
02226281-818e-4c79-b110-89beb2908d3e,JK Rowling,,,
7046f2a5-12df-40a9-a5c2-26487eaf8145,JK Rowling,,,
98d31148-2a37-47c4-a631-949796664cb0,JK Rowling,,,
e5e9e49f-2391-4275-a3d4-9c5bc9bd02d7,JK Rowling,,,
7d623200-6713-449e-9c7e-abe61443e3d5,JK Rowling,,,
9bae59ff-2729-4dae-8970-206d796aca01,JK Rowling,,,
a27b3864-0278-4634-bd13-ee2c5e82d51e,JK Rowling,,,
2482d978-4b9e-4f70-8c9e-a8ac8098f2c1,JK Rowling,,,
b74d2b4e-2c18-4d01-b8f1-250c7c2fba08,JK Rowling,,,
c03733e4-aeae-4dbe-aaca-a62dac0d0651,JK Rowling,,,
915f553b-c4e8-486f-850a-142872853809,JK Rowling,,,
f421b8d2-4247-4441-a70a-b2693bee9175,JK Rowling,,,
14d9c09d-9d73-4ac6-adf2-33057e6d52fc,JK Rowling,,,
f9d9bd55-8cce-47b0-96ca-c035a624c9da,JK Rowling,,,
17fd82fd-250a-4cfe-a774-5c80c5afe12f,JK Rowling,,,
675db938-e49b-4773-a0b1-4e27898c3682,JK Rowling,,,
375fbf34-8c16-46d3-a7d3-cb1504e072e3,JK Rowling,,,
2ef8d155-e59e-439a-aa05-a32bfb20bca0,George RR Martin,,,
59e7ae17-3a59-43c2-b537-0f0d4e102c1f,George RR Martin,,,
604dbd35-74b9-4db9-ab51-edbd8022ce05,George RR Martin,,,
97d6a604-bd66-45d5-ad74-5dae15f95b0c,George RR Martin,,,
82276e0e-58a1-48c4-b1d5-344cefc7052f,George RR Martin,,,
4ae1f49f-e31b-4668-8f53-30296bd70f1a,George RR Martin,,,
8b39ed49-95b5-4d11-8553-e57dc21d5deb,George RR Martin,,,
245806ca-90f8-41d3-9fd5-ea72d3b4d19c,George RR Martin,,,
7c4b6826-3550-4695-ba25-ac08704f4cf5,George RR Martin,,,
27c7ec75-7c9b-47f0-b42d-02b7b870350d,George RR Martin,,,
d2491d0a-8887-4eee-b491-6a0e5a3c7d7f,George RR Martin,,,
ef207b0e-0db9-4496-a666-c61942952083,George RR Martin,,,
4c22450b-58f7-41ee-972e-053cff67dcf5,George RR Martin,,,
d4b25528-e148-405e-94ce-1c749732286b,George RR Martin,,,
1c08fa55-88ec-47ce-b948-82c0a705755d,George RR Martin,,,
20559810-df39-40ee-b7e4-e8e90b77b1ac,George RR Martin,,,
59525441-d159-4494-b039-e9a485570a84,George RR Martin,,,
17fd82fd-250a-4cfe-a774-5c80c5afe12f,George RR Martin,,,
d08e4f4d-bf42-487d-aa43-2f335f436efc,George RR Martin,,,
8f6e6dc0-6aed-4ed0-880f-3f92a860c69f,George RR Martin,,,
0cc00e62-7599-494f-981d-fd1c54daace9,George RR Martin,,,
2875fa17-68ea-4b90-882b-7907f13ff646,George RR Martin,,,
846765f8-9437-4589-a49c-2f0aa26fe176,Ernest Hemmingway,,,
6520a6be-0e60-46ec-80e9-cfed9b4d71f0,Ernest Hemmingway,,,
5a33982d-edcc-44f3-b89c-c30758770982,Ernest Hemmingway,,,
e5b22f97-2884-4a99-a65f-bc8aed7a80c2,Ernest Hemmingway,,,
71c6247e-c630-4dd4-99b7-add3109d1f15,Ernest Hemmingway,,,
ddbe5dc7-fa92-4061-8499-cca65ee1054f,Ernest Hemmingway,,,
5b9fdbae-7a0f-4dd8-9fd8-1dd926a57b34,Ernest Hemmingway,,,
27ebfaec-9bd8-46e8-b883-2fcaff457710,Ernest Hemmingway,,,
23908fb6-4dbd-40aa-ba21-a5bc0ae151e1,Ernest Hemmingway,,,
d5cad5e5-440c-4198-935c-a1013e726937,Ernest Hemmingway,,,
731fefc2-f44a-43fa-99b0-b8bad8f32cef,Ernest Hemmingway,,,
2b57b2c5-54f4-4f31-a224-d309be4594f2,Ernest Hemmingway,,,
2b59b543-05fc-4882-b665-764c32fe1293,Ernest Hemmingway,,,
8e1f25d6-f519-4499-8153-ea0d89b902dc,Ernest Hemmingway,,,
503bea37-fe1c-4af0-b36c-60a33fb74d0e,Ernest Hemmingway,,,
c24335be-4557-4810-8f7a-bbdf21b58a2d,Ernest Hemmingway,,,
8bd1cfe6-2f4f-40ac-90d8-56e76e633bdf,Ernest Hemmingway,,,
2bb91e69-70d7-453a-8a84-6f0d934a6e48,Ernest Hemmingway,,,
b99c932a-f6f9-44b2-8acb-87770f82e8a0,Ernest Hemmingway,,,
2d0169cb-b2cc-4bbb-9c0d-d65513bf8cf0,Ernest Hemmingway,,,
1f289c60-36a0-4020-a08d-64d178001a7a,Ernest Hemmingway,,,
2f370b96-3bc1-485e-bc86-a0bf8b3b89f3,Ernest Hemmingway,,,
28a83cb4-bad9-47ad-b794-196bf3443139,Ernest Hemmingway,,,
be975885-f249-4263-ba00-442123159974,Ernest Hemmingway,,,
02b4635e-2dde-4cec-a813-657a15ab8501,Ernest Hemmingway,,,
379ee972-ca86-43ac-8646-50bdee3b90ea,Ernest Hemmingway,,,
d289da84-299e-470a-a380-6f71c0328bdb,Ernest Hemmingway,,,
6722ee59-c438-443f-808f-ca933a380926,Ernest Hemmingway,,,
701d8b9a-25ea-444e-a1e5-4ca2b77be32f,Paulo Coelho,,,
e6a4ad6f-d1f9-4657-b8c8-492521084574,Paulo Coelho,,,
ebf04eb8-fdf7-42b4-88be-44779366c2c4,Paulo Coelho,,,
26f6c4c4-98a1-44d3-be46-cc57fbc06fb8,Paulo Coelho,,,
f920ac54-3ae2-4929-9220-a1a740932889,Paulo Coelho,,,
ac78419e-afcd-4ef1-9e9a-cf2023763c37,Paulo Coelho,,,
846765f8-9437-4589-a49c-2f0aa26fe176,Haruki Murakami,,,
b2adc15b-a924-46a0-a3ec-1677068fa1d9,Haruki Murakami,,,
6a0eafc9-4cd9-4274-b8a5-0d8ea1537795,Haruki Murakami,,,
815dbdd9-d4fc-494c-b4af-a2075a06ba4b,Haruki Murakami,,,
4d278100-7d07-4f19-8776-b0c1d4359ad3,Haruki Murakami,,,
47061959-a76b-4455-8198-10ff1c098468,Haruki Murakami,,,
792d7851-b50b-4a59-b2fb-680fb056738f,Haruki Murakami,,,
f404ba3f-1865-4e31-b001-e43bc4ff71e2,Haruki Murakami,,,
f18e449d-f137-4b08-bc99-026d613eec90,Haruki Murakami,,,
d2491d0a-8887-4eee-b491-6a0e5a3c7d7f,Haruki Murakami,,,
25136c93-38a0-4378-a132-78395e3c0465,Haruki Murakami,,,
7b61ad96-b034-406d-b5d6-af4616f7fde2,Haruki Murakami,,,
192ba79c-8a11-4195-b0d5-22cb00a2e0ba,Haruki Murakami,,,
00194572-996c-4b43-aadf-fceada4517a8,Haruki Murakami,,,
06de46e0-d63a-43c5-86bd-c6606fa66c70,Chuck Palahniuk,,,
fb35a083-a410-4f83-a3cd-97e9ae4a2698,Chuck Palahniuk,,,
eff2e38e-ccd3-4cd6-8225-f95ae51fa53e,Chuck Palahniuk,,,
12680b9f-2f78-430f-afd3-a6e67cc6de8f,Chuck Palahniuk,,,
f317de53-adc6-463c-b125-3e90386d13b7,Chuck Palahniuk,,,
4d0bea5c-f324-4fe5-be0b-b33b8f5d2192,Chuck Palahniuk,,,
d3c9f44e-4162-414e-b185-587e0b73ca6b,Chuck Palahniuk,,,
d8e73ec4-80ca-4bb5-9c64-476d05bcd7c9,Chuck Palahniuk,,,
d4132d35-54db-488b-a8ca-3b1d0c0e3a49,Chuck Palahniuk,,,
d2491d0a-8887-4eee-b491-6a0e5a3c7d7f,Chuck Palahniuk,,,
5238d72d-3148-4fd7-881b-5af0a51c6c21,Chuck Palahniuk,,,
eb62e9b6-e594-4bcb-8089-80b90d47b769,Chuck Palahniuk,,,
378c3f3a-707f-4600-b96c-3bd181051db1,Chuck Palahniuk,,,
cfa6c770-15c5-4131-9ba9-01bcd2202a7a,Chuck Palahniuk,,,
34549225-45d2-43df-aae2-19c06a1a1b19,Chuck Palahniuk,,,
40281c6c-9b89-498f-9a0f-b1d69f243e66,Chuck Palahniuk,,,
4a1f3fba-9f3d-4f27-b6ac-691d2d58e140,Chuck Palahniuk,,,
00819d6f-63ad-42f6-9d35-2d0cd0c36d65,Chuck Palahniuk,,,
dfa9cdb9-7ad6-427a-9eb9-1ced8ffed9bb,Chuck Palahniuk,,,
e0b0e202-c70e-4f07-b947-34ea39f67917,Chuck Palahniuk,,,
ac22f6e1-ed8c-495a-83c7-90038dc70b6b,Stephen King,,,
5a42e730-803b-4756-baaf-2f2184350205,Stephen King,,,
7e86a853-08d3-4e07-ac4f-3ec34f084870,Stephen King,,,
eb599235-1114-4bf4-af44-78de03cc51d1,Stephen King,,,
9257d907-f3cf-4351-8d59-05d9c31daf54,Stephen King,,,
f591f080-affc-4bde-9b41-91f7ddd74294,Stephen King,,,
c32fc1fd-0552-42d0-9e7b-4ca52758bf99,Stephen King,,,
791893b9-730e-493e-ab53-d3864977a208,Stephen King,,,
1fafaac3-04c3-4804-a7b2-db6cfecde65a,Stephen King,,,
3b8132bd-0a64-4062-a5e3-96ad882060b3,Stephen King,,,
815d6221-41e3-4a9c-b316-11e464499742,Stephen King,,,
b10880e0-9c6f-4bea-8ea0-2404db683094,Stephen King,,,
b35683a8-b075-4781-bbe9-fc590ff0d449,Stephen King,,,
6d9b5c52-08ac-48ef-a99c-0ec7bd28e1c8,Stephen King,,,
d4d765a2-5677-46f2-8daf-98c4f35cc803,Stephen King,,,
8bc85971-035c-4605-bff9-07c937c7d8ca,Stephen King,,,
a7842744-9983-4613-a485-c995384488cb,Stephen King,,,
0e017b6a-a516-4b71-87ba-f9bfd029aade,Stephen King,,,
8995d8f3-be27-483e-a61d-49a76836ed1c,Stephen King,,,
ee4bd168-84ae-494e-b31a-e1b3fbe136ef,Stephen King,,,
e5b22f97-2884-4a99-a65f-bc8aed7a80c2,Stephen King,,,
5a33982d-edcc-44f3-b89c-c30758770982,Stephen King,,,
b0b86b4b-7497-48a5-adac-a39d5e70a57b,Stephen King,,,
3c30b2df-1b4a-4656-ab16-a99fa03a90da,Stephen King,,,
bea7f53d-cc75-412c-a7d5-109b661247d5,Stephen King,,,
9ef8c5f1-774f-4419-b025-3e79e7b4fcf6,Stephen King,,,
fcfca637-06e4-4294-bb6a-75569f5d530b,Stephen King,,,
1abe2fec-85ca-4922-94b1-6f049ef690c3,Stephen King,,,
425e6b13-a95f-41d2-9e55-85427543b0a7,Stephen King,,,
4a91bb34-1b37-4f05-a909-987bd47fe3b7,Stephen King,,,
5416aeb1-885f-4f2c-8708-e908c1b4ce8b,Stephen King,,,
c8c185c7-233e-4636-9720-2dfb60c629d1,Stephen King,,,
e3a32e38-0f42-49f4-94af-4e8e859c9f4d,Stephen King,,,
4550445b-5445-4b02-800b-3b59020ea94e,Stephen King,,,
95fb2a89-ab6e-49b4-a3ed-bfe94718dea4,Stephen King,,,
04733c51-0754-4821-b4d9-93d41fe90de9,Stephen King,,,
96f2c376-1ab9-4db6-ab1f-0c2943bd5fd1,Stephen King,,,
e55fd6c3-42ea-4a53-ac66-bb1ba9f2a4b9,Stephen King,,,
983a4ceb-0cc5-4d48-af02-4e4f65a3f7ff,Stephen King,,,
c64ede72-ee31-4d97-8e09-a5db07ff5851,Stephen King,,,
c57feaef-c6f5-4b54-97fd-2997f060703d,Stephen King,,,
55170c52-9293-4e20-aab7-bf8714852275,Stephen King,,,
342dc2e2-c662-4f30-951e-42e5609bbe9e,Stephen King,,,
b2af25cb-426c-4e49-82dd-ea4338b72d10,Stephen King,,,
3abff910-e6e4-4399-bd86-8ca3c12549d3,Stephen King,,,
d3ebfae0-306b-4778-8de6-72a7584c4623,Stephen King,,,
7e573902-9840-40dd-adaa-f1b69d0dcabd,Stephen King,,,
f1860f88-694b-4f47-8913-978f4b2bd74a,Stephen King,,,
ac35c605-79b5-4012-b9d4-c41a46b96c7e,Stephen King,,,
04db2344-e2b8-4143-a939-0c3632b914f1,Stephen King,,,
5031ee1c-71ae-4a19-874b-8a0b3daab1cc,Stephen King,,,
822220e2-89a2-49b0-8e95-c61d16052bbd,Stephen King,,,
9f53826f-1787-45b7-97ff-b751a09a8834,Stephen King,,,
41aff2f7-5221-4239-bc55-5d9a331f8618,Stephen King,,,
abede793-1721-4a1c-b37a-8efc0a3d0790,Stephen King,,,
e617b3ec-2f7e-4018-be36-1cba7919453a,Stephen King,,,
28908d4e-c49d-4d57-b7c7-40a7826a48fe,Stephen King,,,
22260720-96b6-4b4b-aa97-d7fd3f0377d0,Stephen King,,,
97b18711-76d5-424d-b912-b9427b4f0ed3,Stephen King,,,
059e7a8c-39b9-4469-954d-a6101e09a84e,Stephen King,,,
2af8367a-8925-46eb-a43b-11c4ce7337c5,Stephen King,,,
0d49c125-3a09-4b30-8c52-6e11507b2cc0,Stephen King,,,
2809cd23-ddb1-408f-b0bd-b15cb066be2e,Stephen King,,,
13e17935-fc0f-4e2f-9631-fbe0ff2f1240,Stephen King,,,
eebbf759-4aef-4d1f-aa7b-39c5f4252c2c,Stephen King,,,
5537925d-0008-47df-b52c-d1a3242e6787,Stephen King,,,
77a9db20-b76c-4cfb-92e7-49ddab9b7e28,Stephen King,,,
bfad628e-06f5-47b1-bd8c-a25864ca49ba,Stephen King,,,
89feab10-ddec-4b69-93fa-2ee22e5e51ab,Stephen King,,,
8bb83b47-b313-42c2-885c-6e75a45f2838,Stephen King,,,
aabf9f57-a06a-4eb0-bfcc-aba216359701,Stephen King,,,
46dc8455-d922-4267-b55c-7176554926b8,Stephen King,,,
846c6231-6a16-4018-be65-81e6ab54f905,Stephen King,,,
1f30514c-4e26-43f1-88cf-50a21ad2bdfe,Stephen King,,,
aa95985c-3b4f-4be9-8fa6-19026d8bbd35,Stephen King,,,
888f193d-5229-4a54-a1dd-74aa17db07be,Stephen King,,,
fc65c037-0843-4d0d-9a22-6619d39ed948,Stephen King,,,
b698ffaa-6feb-454f-af19-84629f56fabd,Stephen King,,,
4e8bb111-5bc5-4d57-af0e-478ec413bff9,Stephen King,,,
1f097ddc-b5fe-43c2-8530-f61ade9964ea,Stephen King,,,
f86ed256-6350-4266-8611-b484792a83a1,Stephen King,,,
33a0dcc5-4a24-4fb4-94dc-f85cb28bc4ef,Stephen King,,,
260ce8b3-5001-4209-87d4-d4d4b5237975,Stephen King,,,
92788a5a-5380-4924-9ab4-3badf83a1f9c,Stephen King,,,
d1e6739b-ba3d-4385-84f7-5a11d1af36e0,Stephen King,,,
724905fe-e3c2-4b2b-a89d-7e21f53be861,Stephen King,,,
e024c03a-5233-40ef-b3ff-fcc17e7dc29e,Stephen King,,,
0b961b0a-32a1-4d15-889c-914d7e344eea,Stephen King,,,
675db938-e49b-4773-a0b1-4e27898c3682,Stephen King,,,
b57ff9e7-1777-4fdb-95a7-c094a7958470,Stephen King,,,
b20b8c71-3313-4b08-9cfb-f539d2993f41,Stephen King,,,
a49e2741-5596-40a6-aac8-081690fe8e39,Stephen King,,,
0c9d3ad4-e0ae-4d3c-a73e-fabcb1687769,Stephen King,,,
8ec9efce-7058-4aa7-8b37-164d733a300b,Stephen King,,,
2a3505e0-7d31-4924-9842-4526e5f9ad0e,Stephen King,,,
36f03c4e-c788-4e48-9ba9-3f091ca23161,Stephen King,,,
27d90ef5-6e0e-4452-a37f-0896c0219e3f,Stephen King,,,
c68a9034-78b6-4be8-a9c6-41513fd7ce1c,Stephen King,,,
cb7bf046-bdf1-49cb-a25e-7f48fc596e48,Stephen King,,,
0c6abd67-722b-4379-a07c-a044f4120436,Stephen King,,,
598e86d4-8500-4580-8291-399c9ba79c71,Stephen King,,,
9aff6949-0edd-4f4a-ab07-36ecf613b06a,Stephen King,,,
ddffaed2-eac2-446e-a1de-03c0725a3253,Stephen King,,,
9864bddc-430f-4bea-9bb8-9fb61b000012,Stephen King,,,
6df2df6b-20a8-45c2-b2cc-281812412550,Stephen King,,,
5dc7f171-678d-4d70-9700-ae24029fe3be,Stephen King,,,
e9d3ec1f-21c3-4459-8da6-65f232fe5616,Stephen King,,,
325d3c22-b106-44f8-a8d9-8c8dded39636,Stephen King,,,
65ffe432-db4f-43ac-ad50-29d5508118b5,Stephen King,,,
11f71a97-88e1-47c0-85bd-cc6ce0cd436e,Stephen King,,,
aab76070-5734-4eac-b0bc-936ede3d35b0,Stephen King,,,
ab420a7a-a5a6-4bf6-880e-858e34680d08,Stephen King,,,
aa6191ba-9892-46b9-b8a2-71993fcfaa31,Stephen King,,,
312181cb-1de6-40f2-b83e-79ba2657df1b,Stephen King,,,
d96a4f12-e712-49fb-9836-d63c9083f178,Stephen King,,,
b42e60ed-78d7-4736-bc73-825cccdf7dae,Stephen King,,,
b9033f64-88f3-471f-bd26-3ffd27b53929,Stephen King,,,
186c8c9d-5341-49be-bd78-0e2f34078dcf,Stephen King,,,
8f538b49-f007-47d1-8444-4ab201ff2a29,Stephen King,,,
04e9b79e-0acc-41ad-aa0b-d7ddd1e4b9fa,Stephen King,,,
7cc4fe1e-939a-468b-84ee-5ff68a80aa3a,Stephen King,,,
71f9426a-43da-4dd6-9be0-8e9ad9ce0a78,Stephen King,,,
030e104b-a520-452d-9983-04e9b7a248e9,Stephen King,,,
02da9f0f-41b8-48fb-8baf-84e021497dbd,Stephen King,,,
200ca31a-43b1-4da4-be72-3c65f5f39a52,Stephen King,,,
4012a23f-c236-4aa8-8eb1-ee02ba33bacf,Stephen King,,,
81b2b3f1-f64b-452b-958c-ff58f5ccc288,Stephen King,,,
a7fe9199-f07e-41f9-9dde-6f85b657d89c,Stephen King,,,
bd3d3de7-0c9d-4f7d-9bf0-8e3d978f50aa,Stephen King,,,
3fbef24a-0288-4bb2-8f1b-60315d4a79e1,Stephen King,,,
f21ed610-1eaf-4349-81c8-de6d0b21da98,Stephen King,,,
50842685-d6e0-4839-9add-3afb70f47f10,Stephen King,,,
0309cbdd-656b-4b79-b3f7-77d0c921137b,Stephen King,,,
6cc5e970-f348-4bcd-ae49-68fa8affd7e2,Stephen King,,,
20512e3a-c2e8-40e1-846b-4dc7bb8f4cea,Stephen King,,,
a2226dff-b67d-4d84-85c3-6ea6ed4d3553,Stephen King,,,
1c14dba2-d85d-4b9c-a2be-d4c1579abaec,Stephen King,,,
dfee6170-d202-47ce-a599-fee7b6cfcd9b,Stephen King,,,
be205546-93ac-438b-9844-d1cc795e5590,Stephen King,,,
1b0054e5-4ef2-42ec-91ee-8e16b4611daa,Stephen King,,,
a2f4d8dc-100c-4e46-9b31-098fac1d88f4,Stephen King,,,
d44f9834-e108-4715-b4d2-0d26fb199949,Stephen King,,,
403ae990-ad3f-4474-b72e-51154ca50422,Stephen King,,,
12e16018-f348-4a69-b5c8-4991c78a6985,Stephen King,,,
61318699-9f92-4b52-8465-86bfc7ab6c72,Stephen King,,,
9f7d3398-29e5-45e0-aa39-82a1b485f261,Stephen King,,,
7c0c72fd-c970-47fa-9a90-5030c1f7a946,Stephen King,,,
ad9f50ed-c115-4835-8b66-e1d164c235c2,Stephen King,,,
4db60b58-8b27-42e1-a29f-6611b437b240,Stephen King,,,
e741e151-f7fa-441b-ab1b-b1aec57aa529,Stephen King,,,
557fec60-a387-48f5-affd-e6ecee51cac0,Stephen King,,,
a6e2055d-3c58-4922-a62b-8b9b17486ab3,Stephen King,,,
c204c552-8068-4b66-879f-3b3b90210d39,Stephen King,,,
7257fd50-5750-4b0c-8e39-fb1ad4424461,Stephen King,,,
6b6ff843-bd4e-41dc-84e4-6fcdea45dc7f,Stephen King,,,
b367ebbd-811d-4d86-a59a-59e9028b140d,Stephen King,,,
020a0569-cfc9-4496-871c-82fa8ef51b6f,Stephen King,,,
681c6493-7687-4d76-81b6-6cad305a4f02,Stephen King,,,
24fccc48-b770-4885-ac95-340d309d0ca3,Stephen King,,,
2f6443e9-d100-4639-9b90-4a14284eb9ac,Stephen King,,,
559ba9de-7a79-4226-b004-d679f67756e3,Stephen King,,,
db7cd814-232f-463f-8a49-80cfa738ebdb,Nelson Mandela,,,
54757e4d-4f8f-4db7-9cf9-5158d6e743c6,Nelson Mandela,,,
5a33982d-edcc-44f3-b89c-c30758770982,Nelson Mandela,,,
5e8c64ba-4589-4aba-b420-f593bd4ffb39,Nelson Mandela,,,
d8ed3705-52e7-4fa7-babb-e8e1121b8009,Nelson Mandela,,,
879bc189-f500-4418-ae5c-2f95a1cffcc0,Nelson Mandela,,,
b3e2f952-5739-478e-990e-2fac40249b41,Nelson Mandela,,,
85239732-d1e7-432d-898f-bd76927d87b9,Mahatma Gandhi,,,
d6536a83-54c9-4925-8593-04e8c8da7f27,Mahatma Gandhi,,,
dac3a4d4-b3c4-4bb5-b274-4bf27ace8715,Mahatma Gandhi,,,
f792dabe-89ea-4b27-818d-344b81f2e8a5,Mahatma Gandhi,,,
e9a342a0-a7ee-4c7d-86df-66bb02015762,Mahatma Gandhi,,,
ec68138e-1b60-435e-bf90-269612fb9e4a,Mahatma Gandhi,,,
a15aa2ac-4f40-45de-ad2a-e0c60918bacf,Mahatma Gandhi,,,
fc274f4d-63d0-4644-b0e6-5b61bdc1bbd7,Mahatma Gandhi,,,
c84d8299-ac60-4dc8-be54-6ac5429401e1,Mahatma Gandhi,,,
d95d77ff-2673-409e-a63b-6af4482ba690,Mahatma Gandhi,,,
17fd82fd-250a-4cfe-a774-5c80c5afe12f,Mahatma Gandhi,,,
e1e41c22-70a4-4c70-b1f3-3290bc94c7ed,Mahatma Gandhi,,,
cb8438d8-6145-4b71-a7d6-b91b720dc48d,Mahatma Gandhi,,,
fa2b148f-1ea0-4683-9068-66463f6d3f70,Mahatma Gandhi,,,
b3957905-e2c4-441b-b61b-9d6261e0ad70,Mahatma Gandhi,,,
7b511654-e2c3-4ea9-afe6-d727f5ab51d9,Joseph Stalin,,,
f7b2711a-8a9e-4488-be12-e36915691b2a,Joseph Stalin,,,
fa5ae1a6-43f6-4581-9eda-7b03f03652e2,Joseph Stalin,,,
846765f8-9437-4589-a49c-2f0aa26fe176,Joseph Stalin,,,
3fa58897-e903-46e9-9c11-eabe166ec472,Joseph Stalin,,,
7f4ba9d9-ef4e-4402-a8b9-601fbd54c5c0,Joseph Stalin,,,
0c80fc9f-12dc-46d5-a2e9-0b7444c02e95,Joseph Stalin,,,
f7b2711a-8a9e-4488-be12-e36915691b2a,Martin Luther King,,,
bd007aa5-8311-460d-bbb9-e3f9c2db0131,Martin Luther King,,,
acd57e4a-3669-4ceb-9e1a-e9af4c72607b,Martin Luther King,,,
501042ee-a07a-49f1-8580-dc83c3bd2947,Martin Luther King,,,
ee43a6ca-fe4b-4839-bf97-38e42993dfa5,Martin Luther King,,,
516f06ab-4147-4737-9020-4383a631e232,Martin Luther King,,,
ad42ea7f-08ed-459c-8a02-b6863858fd08,Martin Luther King,,,
5a33982d-edcc-44f3-b89c-c30758770982,Martin Luther King,,,
5304e961-290b-4e76-a6e7-919c43149d68,Martin Luther King,,,
0c336dcf-29a3-4d57-b8db-12a45c096b2d,Martin Luther King,,,
ee99a111-89e1-4eaf-9b16-af24c2147bc7,Martin Luther King,,,
11932dea-f87a-449e-aa17-ffa429b210f1,Martin Luther King,,,
3054ce22-627f-45d0-a445-c67dc4143150,Martin Luther King,,,
b8118d6c-ecb9-4217-9080-2124be4b001e,Martin Luther King,,,
0c80fc9f-12dc-46d5-a2e9-0b7444c02e95,Martin Luther King,,,
d5d05b3d-09ee-4fb7-8084-52e289b991fa,Martin Luther King,,,
26b1fdc0-25c9-4ec5-84b7-5a0cab0b31cb,Martin Luther King,,,
4653108e-5277-4c03-aeba-9c464e26fe99,Martin Luther King,,,
23db36dd-4608-498a-834b-38b4137ee508,Martin Luther King,,,
f7b2711a-8a9e-4488-be12-e36915691b2a,Kevin Kelly,,,
f8e7e9e3-a405-416e-9a7e-021bb47d2fb3,Kevin Kelly,,,
d841db20-57c7-455a-8e85-9af3b27ed2d3,Kevin Kelly,,,
5a498236-e96d-400b-add5-91768d3bc800,Kevin Kelly,,,
6877eefa-e9c4-463f-a234-55ec2f9201c1,Kevin Kelly,,,
08dce56d-ce4d-495f-bb39-b5355bea1d3e,Kevin Kelly,,,
e1ae6d29-1b89-451b-8c4b-7182fce880a6,Kevin Kelly,,,
f7486d56-2c50-4938-924b-80bce85a73da,Kevin Kelly,,,
5bca5715-88bd-4398-bb48-36fc404b4ad5,Kevin Kelly,,,
ed42d0d5-2e85-4166-a547-d9af8b29adc7,Kevin Kelly,,,
6c46a05f-8834-4ba9-9378-4de0633b0393,Kevin Kelly,,,
d5a39123-a66f-43db-bb7a-871464c5e9d1,Bill Gates,,"Educated is even better than youve heard.
Melinda and I loved Tara Westovers journey from the mountains of Idaho to the halls of Cambridge.
...
Educated is an amazing story, and I get why its spent so much time on the top of the New York Times bestseller list. 
...
Tara is never cruel, even when shes writing about some of her fathers most fringe beliefs.
...
I found it fascinating how it took studying philosophy and history in school for Tara to trust her own perception of the world.
...
Although its not a political book, Educated touches on a number of the divides in our country: red states versus blue states, rural versus urban, college-educated versus not. 
...
Taras process of self-discovery is beautifully captured in Educated. Its the kind of book that I think everyone will enjoy, no matter what genre you usually pick up. Shes a talented writer, and I suspect this book isnt the last well hear from her.",https://www.gatesnotes.com/Books/Educated
703ec80c-c9ae-4e53-bc8b-d5ca06faa7c7,Bill Gates,,"I couldnt put down this thriller with a tragic ending.
The inside story of the Theranos scandal is almost too wild to believe.
...
The public didnt know about Theranos deception until Carreyrou broke the story as a reporter at the Wall Street Journal. Because he was so integral to the companys demise, Bad Blood offers a remarkable inside look.

Some of the details he shares arefor lack of a better wordinsane.
...
Bad Blood is also a cautionary tale about the virtues of celebrity. On the surface, Holmes was everything Silicon Valley loves in a CEO: charismatic and convincing with a memorable personal story made for magazine profiles.
...
Bad Blood tackles some serious ethical questions, but it is ultimately a thriller with a tragic ending. Its a fun read full of bizarre details that will make you gasp out loud. The story almost feels too ridiculous to be real at points (no wonder Hollywood is already planning to turn it into a movie). I think its the perfect book to read by the fire this winter.",https://www.gatesnotes.com/Books/Bad-Blood
1357cc95-e8e7-41ae-8897-7bca708560b6,Matthew McConaughey,,The most instrumental piece of literature and motivation Ive ever read for me in my life.,https://tim.blog/2020/10/19/matthew-mcconaughey/
90d09172-6511-4ba2-9bd7-b12261c51789,Naval Ravikant,,"""One of my all time favorite books. I quote it all the time."" - Naval Ravikant",https://twitter.com/naval/status/693967197924790272?s=20
cfa6f3d7-1632-404a-9b1a-080e31e5944a,Naval Ravikant,,"Naval Ravikant's answer to ""any good book about economy for a beginner?""",https://twitter.com/naval/status/1156882081663737856?s=20
1aca93c8-3532-42c2-a706-994025d78118,Naval Ravikant,,"""I love [this book]."" - Naval Ravikant",https://twitter.com/naval/status/1190461054574137344?s=20
8bf0cdf9-e963-4270-b9fa-b2e9f93f0b46,Naval Ravikant,,"""Fundamental and had a lot to teach."" - Naval Ravikant",https://twitter.com/naval/status/800431638261837824?s=20
77acce13-cffd-4907-81f7-f34895e21c12,Naval Ravikant,,"""Fine book but it didnt need to be an entire book. A blog post would have gotten the point across."" - Naval Ravikant",https://twitter.com/naval/status/974109608405970944?s=20
7d1f77ab-ca80-4457-b5a6-097ff6deba6a,Naval Ravikant,,Naval Ravikant tweeted about this book.,https://twitter.com/naval/status/1157887058582503424?s=20
66471fc2-5aae-4281-9ab3-86f85baebf96,Naval Ravikant,,"""[The author] is doing the behind the scenes work to support entrepreneurship in America."" - Naval Ravikant",https://twitter.com/naval/status/718989721808941056?s=20
28170254-f2f7-41a0-b077-569034e9eb27,Naval Ravikant,,"""Thats what I read [by Seneca]."" - Naval Ravikant",https://twitter.com/naval/status/980930482111000576?s=20
e6a4ad6f-d1f9-4657-b8c8-492521084574,Naval Ravikant,,"""A beautiful book."" - Naval Ravikant",https://twitter.com/naval/status/699274280077365248?s=20
2b2c6b65-a318-46da-9a21-fc12d462833a,Naval Ravikant,,"""Great series."" - Naval Ravikant",https://twitter.com/naval/status/980972194871238657?s=20
1d250c4c-e6e7-45b6-9467-35a760fc39c5,Naval Ravikant,,"""Good books are worth re-reading. Great books are worth re-buying."" - Naval Ravikant",https://twitter.com/naval/status/1142485738061099008?s=20
516f06ab-4147-4737-9020-4383a631e232,Naval Ravikant,,"Naval Ravikant mentioned this book on ""The Tim Ferriss Show"" podcast.",https://tim.blog/naval-ravikant-on-the-tim-ferriss-show-transcript/
6e123b75-c365-4733-b7bb-aef765d0b1c8,Naval Ravikant,,Naval Ravikant tweeted about this book.,https://twitter.com/naval/status/24581077419?s=20
7571b57e-31ac-4032-81ff-afc42f2bc7ca,Naval Ravikant,,Naval Ravikant tweeted about this book.,https://twitter.com/naval/status/942377490995015680?s=20
5276b5e7-b8bc-4f57-b6ed-495a57bc444f,Naval Ravikant,,"One of Naval Ravikant's answers to ""top 10 graphic novels?""",https://twitter.com/naval/status/693485039732916224?s=20
a7986229-4922-4930-b5b9-137625ae44f7,Naval Ravikant,,"""Good but closer to a single-themed book."" - Naval Ravikant",https://twitter.com/naval/status/800431638261837824?s=20
a15aa2ac-4f40-45de-ad2a-e0c60918bacf,Naval Ravikant,,Naval Ravikant tweeted about this book.,https://twitter.com/naval/status/1003900342528929792?s=20
c32fc1fd-0552-42d0-9e7b-4ca52758bf99,Naval Ravikant,,"""For historical fiction, I like [this book]."" - Naval Ravikant",https://twitter.com/naval/status/247590300749541377?s=20
c6f31b43-5684-4bb3-8d66-f69ac76b60a8,Naval Ravikant,,"""If I'm going to read fiction, might as well start at the top."" - Naval Ravikant",https://twitter.com/naval/status/699093238745997312?s=20
045f8590-dd51-4460-b97c-259f01a0945a,Bill Gates,,"I never thought much about whether I could improve my memory across a wider set of domains, but now I think I could, after reading this book.",https://www.gatesnotes.com/Books/Moonwalking-with-Einstein
ba344c04-1056-4563-b927-282e7bbc6ddd,Naval Ravikant,,"""Loved [this book] and other fiction when younger."" - Naval Ravikant",https://twitter.com/naval/status/806262424722509824?s=20
fa89b19a-2244-4003-8531-ad8babf3712f,Barack Obama,,"",""
52e0563e-87f3-4b15-b747-6f4c1b7629f7,Bill Gates,,"Lost and found with the most wondrous map ever produced. A talented writer and doctor guides us through the past, present, and future of genome science.
...
The ethical questions around genome editing are enormous. That is why I am so glad I read The Gene by Columbia University cancer doctor and researcher Siddhartha Mukherjee. I loved Mukherjees 2015 TED Talk and his brilliant book about cancer, The Emperor of All Maladies, which won the Pulitzer Prize in 2011. It must really tick off full-time writers that a doctor can win a Pulitzer in his spare time!
...
In The Gene, Mukherjee once again shows his gift for making hard science easily accessible. He wrote this book for general audiences, because he knows that its not good enough for scientists alone to debate the huge ethical questions that their discoveries provoke.
...
My favorite part of the book was the final section, Post-Genome: The Genetics of Fate and Future. It does a great job bringing into sharp focus the difficult ethical questions that will become increasingly intense.",https://www.gatesnotes.com/Books/The-Gene
ee6b09a3-2903-4fcc-8caa-c30ff3b96d36,Bill Gates,,"I would say this even if I werent married to the author: The Moment of Lift is a terrific read.

It is a wise, honest, and beautifully written book about how empowering women lifts up everyone. (None of that will be surprising to anyone who knows Melinda.) Although it took her about a year to write, in a way she has been working on it her whole life. The Moment of Lift is about the women who have inspired Melinda, starting with her own mother, through her colleagues at Microsoft, and continuing today with the amazing scientists, farmers, educators, and leaders she meets through her work with our foundation. 
...
But to me, what is really impressive about the book is the way Melinda combines her mastery of data with her ability to tell powerful stories about individual women she has met.",https://www.gatesnotes.com/Books/The-Moment-of-Lift
b29b5383-f2f3-4e6d-9d35-aa0f33ea03c1,Bill Gates,,"What if people run out of things to do?
A provocative new book raises big questions about the future.
What gives our lives meaning? And what if one day, whatever gives us meaning went awaywhat would we do then?

Im still thinking about those weighty questions after finishing Homo Deus, the provocative new book by Yuval Noah Harari.
...
Hararis new book is as challenging and readable as Sapiens. Rather than looking back, as Sapiens does, it looks to the future.
...
Here is Hararis most provocative idea: As good as it sounds, achieving the dream of bliss, immortality, and divinity could be bad news for the human race.
...
Harari does the best job I have seen of explaining the purpose problem. And he deserves credit for venturing an answer to it. He suggests that finding a new purpose requires us to develop new religion.
...
I wasnt satisfied by his answer to the purpose question. But dont let a dissatisfying conclusion dissuade you from reading Homo Deus. It is a deeply engaging book with lots of stimulating ideas and not a lot of jargon. It makes you think about the future, which is another way of saying it makes you think about the present.",https://www.gatesnotes.com/Books/Homo-Deus
